county,population,asthma,smoking
Kusilvak AK,8303,16.1,45.7
Oglala Lakota SD,14309,15,41.8
Todd SD,10283,14.8,40.9
Buffalo SD,2036,14.1,38.2
Sioux ND,4358,14.2,36.6
Bethel AK,18216,14.6,35.8
Northwest Arctic AK,7671,13.5,34.9
Nome AK,10008,13.1,34.8
Corson SD,4165,13.1,34.2
Ziebach SD,2742,13.1,33.7
Clay KY,20105,12.6,33.6
East Carroll LA,7037,12.2,33.6
Glacier MT,13747,13.2,33.4
McCreary KY,17408,12.1,33.2
Rolette ND,14301,13.6,32.9
McDowell WV,18223,13.1,32.7
Mingo WV,23785,12.4,32.6
Menominee WI,4658,13.2,32.5
Wolfe KY,7177,12.8,32.2
Yukon-Koyukuk AK,5327,13.1,32.1
Dewey SD,5904,13,31.8
Mellette SD,2042,12.5,31.7
Bell KY,26569,12.8,31.5
Lee KY,7033,12.4,31.3
Benson ND,6962,12.3,31.3
Harlan KY,26409,12.7,31.2
Adair OK,22082,13.4,31.1
Roosevelt MT,11059,12.9,31.1
Bennett SD,3468,12.5,31
Dillingham AK,5000,13.1,30.7
Breathitt KY,12726,12.5,30.7
Lake TN,7411,10.9,30.7
Vinton OH,13139,10.7,30.2
Madison LA,11161,11.7,30.1
Lake and Peninsula AK,1587,12.6,30
Jackson SD,3307,12.6,29.9
Owsley KY,4472,11.9,29.9
Issaquena MS,1308,11.6,29.9
Morgan TN,21579,11,29.9
Estill KY,14198,11.9,29.8
Clay WV,8632,12.2,29.7
Knox KY,31304,12.3,29.5
Lawrence KY,15571,12,29.5
Tensas LA,4462,11.7,29.5
Lincoln WV,20599,12.2,29.4
Leslie KY,10143,12.1,29.4
Elliott KY,7508,11.3,29.4
Scott TN,22039,11.3,29.4
Magoffin KY,12362,12.1,29.3
Jackson KY,13442,11.9,29.3
Union FL,14940,9.4,29.3
Wilkinson MS,8792,11.8,29.2
Morgan KY,13345,11.5,29.2
Martin KY,11323,11.3,29.2
Robeson NC,131831,12.8,29.1
Hancock TN,6549,11.4,29.1
Adams OH,27724,10.8,29.1
Letcher KY,21899,12.2,29
Lauderdale TN,25825,11.7,29
Union TN,19688,11.3,29
Lewis KY,13257,11.8,28.9
Hardeman TN,25220,11.6,28.9
Perry TN,8064,11.5,28.9
Cocke TN,35774,11.5,28.9
Grundy TN,13346,11.5,28.9
Evangeline LA,33443,10.7,28.9
Dixie FL,16700,9.8,28.9
Webster WV,8285,12.1,28.8
Perry KY,26092,11.8,28.6
Big Horn MT,13338,12.9,28.5
Clinton KY,10206,12,28.5
Roane WV,13932,12,28.5
Mississippi MO,13336,11.3,28.5
Macon TN,24265,11.2,28.4
LaGrange IN,39330,11.1,28.4
Wayne MO,13122,11,28.4
Fentress TN,18217,11.3,28.3
Van Buren TN,5765,11.2,28.3
Scioto OH,75502,10.8,28.3
Logan WV,32607,12.2,28.2
Pike KY,58402,11.8,28.2
Washington FL,24880,10,28.2
Nicholas KY,7166,11.8,28.1
Clay TN,7717,11.3,28.1
Holmes OH,43892,10.9,28.1
Holmes MS,17622,12.8,28
Mahnomen MN,5519,11.4,28
Dunklin MO,29423,11.3,28
Jefferson MS,7106,12.5,27.9
Floyd KY,35845,12.3,27.9
Bledsoe TN,14755,10.7,27.9
Humphreys MS,8257,12.6,27.8
Knott KY,15126,12.2,27.8
Wyoming WV,20786,12,27.8
Okfuskee OK,12098,11.9,27.8
Campbell TN,39583,11.3,27.8
Tallahatchie MS,13987,11.1,27.8
Johnson TN,17778,10.8,27.8
Bath KY,12383,11.5,27.7
Benton TN,16184,11.2,27.7
Lee AR,8985,11.1,27.7
Wayne TN,16558,10.5,27.6
Wirt WV,5830,11.8,27.5
Metcalfe KY,10030,11.8,27.5
Braxton WV,14089,11.6,27.5
Warren TN,40878,11.2,27.5
Overton TN,22068,10.9,27.5
Washington MO,24943,10.8,27.5
Buchanan VA,21221,10.7,27.5
Washington LA,46582,10.5,27.5
Trousdale TN,11012,10.3,27.5
Caldwell LA,9960,10.1,27.5
Grayson KY,26321,11.5,27.4
Fayette WV,43018,11.3,27.4
McNairy TN,25832,11.1,27.4
Concordia LA,19572,10.7,27.4
Avoyelles LA,40462,10.4,27.4
Perry OH,36033,10.2,27.4
McKinley NM,72290,14.6,27.3
Quitman MS,7051,12.7,27.3
Wayne WV,39944,12.3,27.3
Fulton KY,6120,12.3,27.3
Sequoyah OK,41179,12.2,27.3
Pemiscot MO,16272,11.8,27.3
Hart KY,18906,11.7,27.3
Clinch GA,6648,11.6,27.3
Ripley MO,13401,11,27.3
Casey KY,15888,11.8,27.2
Jackson AR,16811,11,27.2
Jackson TN,11758,11,27.2
Holmes FL,19477,10.2,27.2
New Madrid MO,17296,11.2,27.1
Henderson TN,27847,11.2,27.1
Houston TN,8263,11.1,27.1
Crawford IN,10558,11,27.1
St. Francis AR,25439,10.8,27.1
Claiborne LA,15944,10.4,27.1
Boone WV,21951,11.9,27
Wright MO,18378,10.9,27
Calhoun GA,6352,10.9,27
McDonald MO,23078,10.7,27
St. Landry LA,82764,10.6,27
Liberty FL,8457,9.1,27
Choctaw OK,14668,12.1,26.9
Lincoln KY,24644,11.6,26.9
Montgomery KY,28203,11.4,26.9
Fleming KY,14432,11.4,26.9
Carroll KY,10737,11.3,26.9
Grainger TN,23145,11,26.9
Shannon MO,8189,10.8,26.9
Meigs OH,23106,10.6,26.9
Calhoun WV,7254,11.7,26.8
Monroe KY,10718,11.5,26.8
Allen KY,21122,11.3,26.8
Neshoba MS,29125,11.3,26.8
Butler KY,12772,11.2,26.8
Fayette IN,23047,10.7,26.8
North Slope AK,9872,10.2,26.8
Acadia LA,62190,10.1,26.8
Barren KY,44176,11.5,26.7
Scott IN,23878,10.8,26.7
Dickenson VA,14523,10.5,26.7
Lincoln AR,13383,9.9,26.7
Bradford FL,27732,9.6,26.7
Carter KY,27004,11.8,26.6
Hampshire WV,23347,11.6,26.6
Webster KY,13111,11.4,26.6
Hughes OK,13335,11.4,26.6
Gallatin KY,8832,11.1,26.6
Switzerland IN,10717,10.8,26.6
Pike OH,28067,10.4,26.6
Blaine MT,6807,12,26.5
Wayne KY,20468,11.7,26.5
Powell KY,12442,11.4,26.5
Mason WV,26718,11.4,26.5
White TN,27107,11.1,26.5
Hawkins TN,56530,10.8,26.5
Greensville VA,11627,10.5,26.5
Franklin LA,20156,10.5,26.5
Jackson OH,32384,10.4,26.5
Fayette OH,28666,10.2,26.5
Assumption LA,22300,10.2,26.5
Wheeler GA,7879,9.9,26.5
St. Bernard LA,46721,9.8,26.5
Lafayette FL,8732,9.5,26.5
Desha AR,11512,11.7,26.4
Mississippi AR,41239,11.6,26.4
Sunflower MS,25735,11.5,26.4
Le Flore OK,49980,11.2,26.4
Hardin TN,25776,10.9,26.4
Lawrence TN,43734,10.9,26.4
Claiborne TN,31756,10.9,26.4
Poinsett AR,23974,10.7,26.4
Richland LA,20192,10.7,26.4
Hickman TN,25063,10.7,26.4
Lee VA,23541,10.3,26.4
West Carroll LA,10982,10,26.4
Hamilton FL,14310,10,26.4
Allen LA,25605,9.6,26.4
Marion KY,19404,11.4,26.3
Prince of Wales-Hyder AK,6422,11.3,26.3
Rhea TN,33044,11,26.3
Scotland MO,4966,10.8,26.3
Morehouse LA,25398,10.8,26.3
Bienville LA,13308,10.7,26.3
Morgan OH,14604,10.7,26.3
Cannon TN,14462,10.6,26.3
Madison FL,18529,10.2,26.3
LaSalle LA,14917,9.8,26.3
Whitley KY,36242,11.7,26.2
Lake MI,11881,11.7,26.2
Rockcastle KY,16750,11.5,26.2
Nicholas WV,24842,11.5,26.2
Menifee KY,6451,11.4,26.2
Crockett TN,14328,11.1,26.2
Carter TN,56351,11.1,26.2
Ohio KY,24087,11.1,26.2
Jay IN,20764,10.8,26.2
Scott AR,10319,10.6,26.2
Ashtabula OH,97493,10.1,26.2
Catahoula LA,9608,10,26.2
Sharkey MS,4377,12.3,26.1
Leflore MS,28919,12,26.1
Thurston NE,7303,11.6,26.1
Ottawa OK,31175,11.6,26.1
Scott MS,28287,11,26.1
Smith TN,19942,10.8,26.1
Highland OH,43058,10.7,26.1
Terrebonne LA,111021,10.1,26.1
Grant LA,22482,9.4,26.1
Swain NC,14245,11.5,26
Green KY,11049,11.4,26
Upshur WV,24415,11.4,26
Lewis WV,16024,11.3,26
Monroe TN,46357,11.1,26
Daviess IN,33147,11,26
Obion TN,30267,11,26
Miami IN,35567,10.5,26
McCurtain OK,32703,11.9,25.9
Summers WV,12760,11.8,25.9
Laurel KY,60669,11.6,25.9
Monroe AR,6900,11.5,25.9
Pickett TN,5082,10.9,25.9
Lewis TN,12086,10.9,25.9
Marion TN,28575,10.9,25.9
Raleigh WV,74254,10.8,25.9
Meigs TN,12306,10.7,25.9
Lawrence OH,59866,10.7,25.9
Bedford TN,49038,10.7,25.9
Yazoo MS,28248,10.6,25.9
Scotland NC,34810,11.6,25.8
Dillon SC,30599,11.4,25.8
Randolph WV,28823,11.4,25.8
Ritchie WV,9721,11.4,25.8
Hamblen TN,64569,10.9,25.8
Crawford MO,23957,10.8,25.8
Jennings IN,27611,10.6,25.8
Ross OH,76931,10.5,25.8
Coshocton OH,36629,10.4,25.8
Jackson LA,15902,10.1,25.8
Columbiana OH,102665,10,25.8
Haywood TN,17335,11.9,25.7
Marion MS,24715,11.1,25.7
Leake MS,22763,11.1,25.7
Brantley GA,18897,10.6,25.7
Douglas MO,13373,10.6,25.7
Clay AR,14847,10.3,25.7
Randolph AR,17948,10.3,25.7
Russell KY,17821,11.5,25.6
Cumberland KY,6659,11.4,25.6
Carlisle KY,4771,11.2,25.6
Johnson KY,22386,11.2,25.6
Larue KY,14307,11.2,25.6
Greene TN,69087,10.9,25.6
Grant KY,25121,10.9,25.6
Orange IN,19489,10.8,25.6
Starke IN,22935,10.7,25.6
Ozark MO,9017,10.6,25.6
Bollinger MO,12169,10.4,25.6
Taylor FL,21623,9.8,25.6
Haskell OK,12668,11.5,25.5
Craig OK,14306,11.5,25.5
Edmonson KY,12274,11.3,25.5
Dyer TN,37320,10.9,25.5
Pleasants WV,7507,10.8,25.5
Butler MO,42639,10.7,25.5
Oregon MO,10541,10.6,25.5
Morgan MO,20358,10.6,25.5
Sharp AR,17366,10.5,25.5
Webster LA,38798,10.4,25.5
Guernsey OH,39022,10.2,25.5
Winn LA,14134,9.9,25.5
Phillips AR,18029,12,25.4
Todd KY,12311,11.3,25.4
Monroe WV,13280,11.1,25.4
Pittsburg OK,43877,10.9,25.4
Breckinridge KY,20388,10.8,25.4
Owen IN,20845,10.7,25.4
Atkinson GA,8297,10.7,25.4
Marion OH,65256,10.2,25.4
Putnam FL,74163,10.1,25.4
Mayes OK,41107,11.7,25.3
Adair KY,19215,11.5,25.3
Trimble KY,8515,11,25.3
Benton MS,8271,10.9,25.3
Polk TN,16898,10.9,25.3
Gilmer WV,8026,10.8,25.3
Decatur TN,11706,10.7,25.3
Reynolds MO,6254,10.5,25.3
Red River LA,8477,10.5,25.3
Newton IN,14011,10.5,25.3
Wise VA,38012,10.3,25.3
Telfair GA,15876,10.2,25.3
East Feliciana LA,19305,10,25.3
St. Martin LA,53621,9.8,25.3
Coal OK,5520,11.6,25.2
Wetzel WV,15270,11.3,25.2
Hardy WV,13775,11.2,25.2
St. Helena LA,10262,10.8,25.2
Jackson WV,28706,10.8,25.2
Lincoln TN,34117,10.8,25.2
Gallia OH,29979,10.6,25.2
Fulton AR,12269,10.5,25.2
Humphreys TN,18486,10.5,25.2
Sullivan IN,20690,10.3,25.2
De Soto LA,27436,10.2,25.2
Harrison OH,15174,10.2,25.2
Trumbull OH,198627,10.1,25.2
Hocking OH,28385,9.7,25.2
Baker FL,28355,9.3,25.2
Alexander IL,6060,11.6,25.1
Atoka OK,13838,11.1,25.1
Kalkaska MI,17824,10.9,25.1
Garvin OK,27811,10.9,25.1
Bracken KY,8239,10.9,25.1
Pendleton KY,14529,10.9,25.1
Washington IN,27943,10.6,25.1
Jackson IN,44111,10.4,25.1
St. Francois MO,66692,10,25.1
Huron OH,58504,10,25.1
Lowndes AL,9974,12.6,25
Muskogee OK,68362,11.6,25
Barbour WV,16535,11.6,25
Grant WV,11626,11.3,25
Robertson KY,2135,11.3,25
Owen KY,10880,11,25
Gibson TN,49045,10.9,25
Henry TN,32358,10.7,25
Iron MO,10177,10.5,25
Tyrrell NC,4131,10.5,25
Searcy AR,7958,10.3,25
Franklin AR,17810,10.2,25
Webster MO,39109,10.2,25
Seminole OK,24578,11.7,24.9
Pushmataha OK,11179,11.4,24.9
Hancock GA,8348,11.3,24.9
Pendleton WV,6997,11.2,24.9
Pocahontas WV,8414,11.1,24.9
Galax VA,6423,10.7,24.9
DeKalb TN,20138,10.6,24.9
Rush IN,16663,10.6,24.9
Dent MO,15441,10.5,24.9
LaPorte IN,110007,10.4,24.9
St. Mary LA,49774,10.2,24.9
Monroe OH,13790,9.9,24.9
Cherokee OK,48675,12.2,24.8
Emporia VA,5121,11.8,24.8
Muhlenberg KY,30774,11.3,24.8
Pike MS,39563,11.1,24.8
Henry KY,16106,11.1,24.8
Allendale SC,8903,11.1,24.8
Christian KY,71671,11,24.8
Columbus NC,55655,10.9,24.8
Natchitoches LA,38659,10.7,24.8
Adams IN,35636,10.6,24.8
Texas MO,25571,10.6,24.8
Unicoi TN,17761,10.6,24.8
Marshall TN,33683,10.5,24.8
Lafourche LA,98115,9.7,24.8
Calhoun FL,14587,9.4,24.8
Livingston LA,139567,9.1,24.8
Greene AL,8233,12.9,24.7
Cibola NM,26746,12.2,24.7
Noxubee MS,10535,11.8,24.7
Okmulgee OK,38335,11.5,24.7
Clare MI,30757,11.4,24.7
Osceola MI,23341,11.1,24.7
Richmond NC,44887,11.1,24.7
Crittenden KY,8915,11,24.7
Montcalm MI,63968,11,24.7
Marshall WV,30785,10.9,24.7
Taylor WV,16862,10.9,24.7
Jenkins GA,8683,10.8,24.7
Candler GA,10836,10.8,24.7
Parke IN,16927,10.8,24.7
McMinn TN,53285,10.8,24.7
Sequatchie TN,14876,10.6,24.7
Greene NC,21012,10.6,24.7
Dickson TN,53446,10.6,24.7
Tipton TN,61581,10.6,24.7
Chattooga GA,24790,10.5,24.7
Tippah MS,21995,10.4,24.7
Dallas MO,16762,10.3,24.7
Iberia LA,70941,10.2,24.7
Jefferson OH,65767,10.1,24.7
Montgomery MO,11534,10.1,24.7
Jackson FL,48305,9.7,24.7
DeSoto FL,37489,9.4,24.7
Perry AL,9140,12.8,24.6
Bolivar MS,31333,11.7,24.6
Marlboro SC,26398,11.2,24.6
Escambia AL,36748,11.2,24.6
Chicot AR,10438,11.2,24.6
Macon GA,13143,11.1,24.6
Madison IN,129641,11,24.6
Simpson MS,26758,10.8,24.6
Prentiss MS,25315,10.5,24.6
Scott MO,38458,10.5,24.6
Stone AR,12457,10.4,24.6
Berrien GA,19252,10.4,24.6
Clark OH,134585,10.4,24.6
Madison AR,16481,10.3,24.6
Johnson AR,26742,10.2,24.6
Okeechobee FL,41537,9.7,24.6
DeKalb MO,12630,9.3,24.6
Franklin FL,11736,9.3,24.6
Claiborne MS,9002,12.5,24.5
Clay GA,2887,11.8,24.5
Barbour AL,24881,11.6,24.5
Hickman KY,4421,11.6,24.5
Halifax NC,50574,11.5,24.5
McIntosh OK,19815,11.5,24.5
Nowata OK,10218,11.3,24.5
Union KY,14505,11.2,24.5
Caddo OK,28977,11,24.5
Woodruff AR,6490,10.9,24.5
Tyler WV,8746,10.9,24.5
Berkeley WV,117123,10.9,24.5
Emanuel GA,22612,10.8,24.5
Cross AR,16676,10.5,24.5
Howell MO,40076,10.4,24.5
Greer OK,5821,10.1,24.5
Lawrence AR,16434,10.1,24.5
Tattnall GA,25391,10,24.5
Jefferson Davis LA,31582,9.9,24.5
Morrow OH,35112,9.8,24.5
Stewart GA,6199,9.7,24.5
Somerset ME,50592,11.9,24.4
Bullock AL,10138,11.8,24.4
Chickasaw MS,17171,11,24.4
Preston WV,33839,11,24.4
Duplin NC,58856,10.9,24.4
Adams MS,31192,10.8,24.4
Doddridge WV,8406,10.7,24.4
Muskingum OH,86183,10.5,24.4
Stewart TN,13561,10.4,24.4
Sussex VA,11237,10.4,24.4
Buckingham VA,16999,10.3,24.4
Charlton GA,12968,10.2,24.4
Russell VA,26748,10.1,24.4
Richland OH,121099,9.6,24.4
Mercer WV,59131,12,24.3
Kemper MS,10027,11.4,24.3
Johnston OK,10949,11.3,24.3
Baraga MI,8320,11.2,24.3
Logan KY,26989,11,24.3
DeKalb AL,71385,11,24.3
Calhoun MS,14436,10.8,24.3
St. Louis City MO,302838,10.8,24.3
Miller AR,43592,10.5,24.3
Sevier TN,97892,10.5,24.3
Jeff Davis GA,15029,10.5,24.3
Bacon GA,11185,10.4,24.3
Benton IN,8653,10.4,24.3
Stoddard MO,29206,10.3,24.3
Logan AR,21737,10.1,24.3
Sabine LA,24032,10,24.3
Crowley CO,5858,9.2,24.3
Coahoma MS,22628,12.3,24.2
Rowan KY,24583,11.7,24.2
Henderson KY,45591,11.1,24.2
Harrison KY,18778,10.9,24.2
Walthall MS,14465,10.9,24.2
Perry MS,11931,10.5,24.2
Nottoway VA,15420,10.4,24.2
Laclede MO,35713,10.4,24.2
Lyman SD,3821,10.3,24.2
Lawrence MO,38359,10.2,24.2
Greene AR,45325,10,24.2
Tazewell VA,40855,9.9,24.2
Forest PA,7279,9.9,24.2
Logan OH,45358,9.7,24.2
Wilcox AL,10627,12.5,24.1
Edgecombe NC,52005,11.6,24.1
Crisp GA,22601,11.1,24.1
Panola MS,34178,11,24.1
Jefferson OK,6123,11,24.1
Ashley AR,20046,10.7,24.1
Anson NC,24877,10.7,24.1
Randolph IN,24851,10.5,24.1
Calhoun AR,5277,10.4,24.1
Blackford IN,11930,10.4,24.1
Dade MO,7569,10.3,24.1
Carter MO,6054,10.3,24.1
Johnson GA,9708,10.1,24.1
Sevier AR,17139,9.9,24.1
Apache AZ,71818,15.3,24
Hopkins KY,45068,11.4,24
Taylor GA,8039,11.2,24
Mitchell GA,22192,10.9,24
Graves KY,37317,10.8,24
Kanawha WV,180454,10.6,24
Howard AR,13341,10.6,24
Giles TN,29503,10.6,24
Greene IN,32006,10.4,24
Glascock GA,2995,10.4,24
Lunenburg VA,12086,10.4,24
Martin IN,10217,10.3,24
Fayette IL,21416,10.3,24
Tishomingo MS,19454,10.1,24
Alcorn MS,36925,9.9,24
Yell AR,21535,9.8,24
Beauregard LA,37253,9.6,24
Washington MS,45063,11.7,23.9
Twiggs GA,8188,11.1,23.9
Carroll TN,28020,10.9,23.9
Weakley TN,33415,10.8,23.9
Hempstead AR,21741,10.7,23.9
Nevada AR,8326,10.6,23.9
Luce MI,6283,10.6,23.9
Jefferson TN,54012,10.4,23.9
Butts GA,24193,10.3,23.9
Morgan IN,70116,10.2,23.9
Cedar MO,14165,10.2,23.9
Hot Spring AR,33701,10,23.9
Rapides LA,130562,9.8,23.9
Glades FL,13724,9.1,23.9
Randolph GA,6833,11.9,23.8
Monroe AL,21067,11.7,23.8
Conecuh AL,12277,11.6,23.8
Cabell WV,93224,11.2,23.8
Boyd KY,47240,11,23.8
Mason KY,17150,10.9,23.8
Garrard KY,17560,10.9,23.8
Geneva AL,26314,10.9,23.8
Branch MI,43622,10.8,23.8
Muskegon MI,173588,10.8,23.8
Wayne IN,65936,10.7,23.8
Audrain MO,25473,10.4,23.8
Knox IN,36895,10.4,23.8
Cheatham TN,40439,10.2,23.8
Schuyler MO,4599,10.1,23.8
Caldwell NC,82029,10.1,23.8
Harrison MO,8414,10.1,23.8
Gilchrist FL,18256,9.6,23.8
Dallas AL,38310,12.3,23.7
Greenbrier WV,34786,11.2,23.7
Pottawatomie OK,72679,11.2,23.7
Jefferson AR,68114,11.2,23.7
Rosebud MT,9063,10.9,23.7
Hancock KY,8758,10.8,23.7
Howard IN,82366,10.5,23.7
Bradley AR,10897,10.5,23.7
Coffee TN,55700,10.5,23.7
Buena Vista VA,6237,10.5,23.7
Henry IN,48271,10.3,23.7
Irwin GA,9398,10.3,23.7
Norton VA,3968,10.3,23.7
Iberville LA,32721,10.2,23.7
Randolph MO,24763,10,23.7
Cumberland TN,59673,10,23.7
Lincoln MO,57686,10,23.7
Perry IN,19102,10,23.7
Brown OH,43602,10,23.7
Vernon LA,48860,9.1,23.7
Orleans NY,40612,11.7,23.6
Crittenden AR,48342,11.3,23.6
Ouachita AR,23606,11.2,23.6
Clay AL,13275,11,23.6
Livingston KY,9242,11,23.6
Missaukee MI,15113,10.8,23.6
McLean KY,9252,10.8,23.6
Bradley TN,106727,10.7,23.6
Chester TN,17276,10.7,23.6
Chesterfield SC,45754,10.6,23.6
Appling GA,18507,10.5,23.6
Jasper GA,14040,10.4,23.6
Pulaski IN,12469,10.3,23.6
Graham NC,8484,10.3,23.6
Fountain IN,16351,10.2,23.6
Montgomery AR,8924,10.2,23.6
Charles Mix SD,9338,10.2,23.6
Cleveland AR,8018,10.1,23.6
Daviess MO,8313,10,23.6
Tangipahoa LA,133777,10,23.6
Columbia FL,70503,9.8,23.6
Crawford OH,41550,9.8,23.6
Pike MO,18504,9.7,23.6
Carroll OH,27081,9.7,23.6
Washington OH,60155,9.5,23.6
Seneca OH,55207,9.5,23.6
Cameron LA,6968,9.3,23.6
Wayne MI,1753893,12.5,23.5
Vance NC,44582,11.5,23.5
Wood WV,84203,11.2,23.5
Ogemaw MI,20952,11.1,23.5
Bryan OK,47192,11,23.5
Grant IN,65936,10.9,23.5
Pawnee OK,16390,10.8,23.5
Walker AL,63711,10.7,23.5
Caldwell KY,12715,10.7,23.5
Covington MS,18853,10.6,23.5
Clay IN,26170,10.2,23.5
Perry AR,10352,10.2,23.5
Pike AR,10673,10.1,23.5
Pettis MO,42542,9.9,23.5
Madison OH,44413,9.4,23.5
Noble OH,14354,9.3,23.5
Washington NY,61197,11.6,23.4
Pulaski IL,5463,11.2,23.4
Burke GA,22423,11.1,23.4
Bladen NC,33190,11.1,23.4
Lee SC,17142,11,23.4
Bourbon KY,20184,10.9,23.4
Tucker WV,6955,10.9,23.4
Vigo IN,107386,10.4,23.4
Franklin TN,41890,10.4,23.4
Union IN,7037,10.3,23.4
Madison MO,12188,10.2,23.4
Robertson TN,71012,10.2,23.4
Fulton IN,20092,10.2,23.4
Vermillion IN,15479,10.2,23.4
Barry MO,35886,10.1,23.4
Marion AR,16722,10,23.4
Hardin OH,31480,10,23.4
Independence AR,37678,9.9,23.4
Vermilion LA,59830,9.8,23.4
Levy FL,40770,9.8,23.4
Suwannee FL,44191,9.5,23.4
Hendry FL,41556,9.4,23.4
Latimer OK,10231,11.4,23.3
Herkimer NY,61833,11.4,23.3
Chippewa MI,37517,11.3,23.3
Schoolcraft MI,8068,11.2,23.3
Taliaferro GA,1608,11.1,23.3
Arenac MI,15041,11,23.3
Wexford MI,33466,10.8,23.3
Simpson KY,18529,10.8,23.3
Winston AL,23660,10.8,23.3
Hopewell VA,22596,10.7,23.3
Putnam TN,78843,10.4,23.3
Lawrence IN,45668,10.4,23.3
Wyandotte KS,165324,10.4,23.3
Cass IN,37955,10.3,23.3
Pike IN,12410,10.3,23.3
Moore TN,6411,10.2,23.3
Barton MO,11798,10.2,23.3
Miller MO,25336,10.1,23.3
Murray GA,39921,10,23.3
Echols GA,4000,9.9,23.3
Ouachita LA,154475,9.9,23.3
Union LA,22330,9.7,23.3
Wilcox GA,8812,9.7,23.3
Pulaski KY,64623,11.3,23.2
Lawrence AL,32957,11.1,23.2
Taylor KY,25549,11.1,23.2
Evans GA,10721,10.8,23.2
Sampson NC,63626,10.8,23.2
St. Joseph MI,61043,10.8,23.2
Mercer KY,21774,10.8,23.2
Jones NC,9637,10.8,23.2
Arkansas AR,17769,10.7,23.2
Dooly GA,13706,10.5,23.2
Franklin IL,38701,10.4,23.2
Henry VA,50953,10.4,23.2
Gallatin IL,5058,10.4,23.2
Sebastian AR,127753,10.2,23.2
Conway AR,20891,10.1,23.2
Henry MO,21792,10.1,23.2
Lawrence IL,15765,9.9,23.2
Smyth VA,30472,9.9,23.2
Page VA,23933,9.8,23.2
Bates MO,16320,9.8,23.2
Allen OH,102663,9.7,23.2
Shelby OH,48627,9.6,23.2
Tuscarawas OH,92176,9.6,23.2
Williams OH,36804,9.6,23.2
Pickaway OH,58086,9.5,23.2
Greene MS,13586,9.4,23.2
Hardee FL,27245,9.3,23.2
Marion WV,56097,11.2,23.1
Sullivan NY,75498,11.2,23.1
Oscoda MI,8276,11.1,23.1
Talladega AL,79828,11.1,23.1
Hillsdale MI,45749,10.9,23.1
Ballard KY,7979,10.8,23.1
Hoke NC,54764,10.7,23.1
Sullivan TN,157668,10.7,23.1
Saline IL,23906,10.6,23.1
Newton MS,21443,10.6,23.1
Jefferson IN,32208,10.5,23.1
Lucas OH,429899,10.4,23.1
Chester SC,32251,10.4,23.1
Polk AR,20049,10.3,23.1
Anderson TN,76482,10.2,23.1
Coffee GA,43093,10.2,23.1
Webster MS,9788,10,23.1
Itawamba MS,23517,10,23.1
Van Buren AR,16603,10,23.1
Harrison IN,40350,10,23.1
Perry IL,21174,10,23.1
Union MS,28606,9.9,23.1
George MS,24250,9.7,23.1
Mille Lacs MN,26139,9.2,23.1
San Juan NM,125043,11.9,23
Terrell GA,8611,11.4,23
Tunica MS,9944,11.4,23
Jefferson Davis MS,11234,11.3,23
Hancock WV,29094,11.1,23
Gladwin MI,25337,10.9,23
Osage OK,47014,10.9,23
Mifflin PA,46222,10.9,23
Mineral WV,26940,10.9,23
Cotton OK,5776,10.8,23
Winston MS,18165,10.8,23
Charlotte VA,11938,10.6,23
Ionia MI,64210,10.5,23
Colquitt GA,45592,10.5,23
Yakutat AK,604,10.5,23
Laurens GA,47325,10.4,23
Wayne GA,29808,10.3,23
Stone MS,18717,10.3,23
Wilkes NC,68557,10.3,23
Shelby IN,44593,10.1,23
Pontotoc MS,31833,10,23
Hyde NC,5230,10,23
Boone AR,37480,9.9,23
Randolph IL,32106,9.9,23
Alexander NC,37353,9.8,23
Preble OH,40997,9.6,23
Petersburg VA,31567,11.9,22.9
Fulton NY,53591,11.9,22.9
Delaware OK,42733,11.5,22.9
Washington NC,11859,11.4,22.9
Washington AL,16378,11.2,22.9
Northampton NC,19676,11.2,22.9
Jefferson GA,15430,11.1,22.9
Lenoir NC,55976,11,22.9
Lafayette AR,6682,10.9,22.9
Coosa AL,10715,10.9,22.9
Sanilac MI,41182,10.8,22.9
Columbia AR,23537,10.8,22.9
Ben Hill GA,16787,10.8,22.9
Gratiot MI,40599,10.7,22.9
Brunswick VA,16384,10.6,22.9
Cleburne AL,14987,10.5,22.9
Alleghany NC,11161,10.3,22.9
Hickory MO,9509,10.2,22.9
White AR,78727,10.2,22.9
Carroll MO,8743,10.1,22.9
Noble IN,47532,10,22.9
St. Clair MO,9395,10,22.9
Grayson VA,15631,9.9,22.9
Crawford AR,63406,9.9,22.9
Clark MO,6842,9.9,22.9
Scott VA,21534,9.8,22.9
West Feliciana LA,15460,8.7,22.9
Clarke AL,23920,11.4,22.8
Bertie NC,19026,11.2,22.8
Harrison WV,67554,11,22.8
Clark KY,36249,10.8,22.8
Morgan WV,17787,10.8,22.8
Chilton AL,44153,10.7,22.8
Kiowa OK,8729,10.7,22.8
Woodson KS,3183,10.5,22.8
Toombs GA,26887,10.5,22.8
Cook GA,17162,10.4,22.8
Little River AR,12326,10.4,22.8
Hill MT,16347,10.3,22.8
Marshall IN,46248,10.2,22.8
Lanier GA,10340,10.1,22.8
Jones MS,68461,10,22.8
Caldwell MO,9108,10,22.8
Newton AR,7805,9.9,22.8
Monroe MO,8664,9.8,22.8
Clinton OH,42057,9.8,22.8
Paulding OH,18760,9.7,22.8
Banks GA,18988,9.7,22.8
Toole MT,4853,9.7,22.8
Gulf FL,16164,8.8,22.8
Warren GA,5251,11.4,22.7
Grenada MS,21055,10.8,22.7
Fayette AL,16433,10.8,22.7
Washington KY,12084,10.8,22.7
Washington GA,20386,10.7,22.7
Juniata PA,24704,10.6,22.7
Bullitt KY,81069,10.6,22.7
Cleveland NC,97645,10.6,22.7
Treutlen GA,6809,10.4,22.7
Amite MS,12326,10.4,22.7
Vermilion IL,76806,10.3,22.7
Bibb AL,22400,10.3,22.7
Jasper MO,120636,9.9,22.7
Stark OH,371574,9.7,22.7
Darke OH,51323,9.6,22.7
Wyandot OH,21935,9.6,22.7
Hale AL,14726,11.9,22.6
Oswego NY,117898,11.7,22.6
Genesee MI,406892,11.5,22.6
Franklin NY,50293,11.5,22.6
Pickens AL,19938,11.3,22.6
Seneca NY,34300,11,22.6
Lamar AL,13844,10.8,22.6
Delaware IN,114772,10.8,22.6
Jackson AL,51736,10.8,22.6
Jasper MS,16428,10.7,22.6
Marion AL,29763,10.6,22.6
Dallas AR,7182,10.6,22.6
Screven GA,13938,10.6,22.6
Wilkinson GA,9036,10.5,22.6
Hardin IL,3910,10.4,22.6
Prairie AR,8074,10.2,22.6
Bristol VA,16482,10.1,22.6
Vernon MO,20528,10.1,22.6
Franklin IN,22736,10.1,22.6
Maries MO,8769,10,22.6
Mountrail ND,10218,9.9,22.6
Pointe Coupee LA,21940,9.9,22.6
Laurens SC,66994,9.9,22.6
Buchanan MO,88571,9.9,22.6
Linn MO,12037,9.8,22.6
Moniteau MO,16121,9.7,22.6
Van Wert OH,28281,9.5,22.6
Clearwater MN,8810,9.4,22.6
Early GA,10247,11.3,22.5
Newaygo MI,48892,10.8,22.5
Creek OK,71604,10.8,22.5
Tuscola MI,52516,10.8,22.5
Oceana MI,26625,10.7,22.5
Gogebic MI,15096,10.6,22.5
Drew AR,18328,10.5,22.5
Jefferson KY,770517,10.5,22.5
Upson GA,26215,10.5,22.5
Clearfield PA,79388,10.4,22.5
Roberts SD,10447,10.4,22.5
Montgomery TN,205950,10.3,22.5
Lawrence MS,12455,10.2,22.5
Monroe MS,35564,10.2,22.5
Jasper SC,28971,10.1,22.5
Patrick VA,17673,10,22.5
Sullivan MO,6221,9.9,22.5
McDowell NC,45507,9.9,22.5
Champaign OH,38754,9.7,22.5
Belmont OH,67505,9.6,22.5
Izard AR,13593,9.6,22.5
Washington ME,31490,12,22.4
Chemung NY,84254,11.6,22.4
McDuffie GA,21531,10.9,22.4
Attala MS,18365,10.7,22.4
Hampton SC,19351,10.6,22.4
Tillman OK,7348,10.4,22.4
Surry NC,71948,10.3,22.4
Vanderburgh IN,180974,10.3,22.4
Wabash IN,31280,10.2,22.4
Crawford GA,12318,10.1,22.4
Dodge GA,20705,10.1,22.4
Huntington IN,36240,10.1,22.4
Marion MO,28592,10.1,22.4
Clinton IN,32250,10.1,22.4
St. James LA,21037,10,22.4
Franklin GA,23023,10,22.4
Gibson IN,33452,9.9,22.4
Gordon GA,57685,9.8,22.4
Pope AR,64000,9.8,22.4
Perry MO,19150,9.8,22.4
Haralson GA,29533,9.7,22.4
Sandusky OH,58799,9.6,22.4
Summit OH,541918,9.5,22.4
Southeast Fairbanks AK,6918,9.4,22.4
Cattaraugus NY,76840,12.2,22.3
Hertford NC,23659,11.4,22.3
Greenup KY,35268,11.4,22.3
Tallapoosa AL,40497,11,22.3
Murray OK,13953,10.8,22.3
Cumberland NJ,150972,10.7,22.3
Lincoln OK,34920,10.7,22.3
Hoonah-Angoon AK,2151,10.6,22.3
Turner GA,7912,10.6,22.3
Venango PA,51266,10.5,22.3
Jefferson PA,43641,10.5,22.3
Fulton PA,14523,10.4,22.3
Ware GA,35680,10.3,22.3
Montgomery NC,27271,10.3,22.3
Smith MS,16002,10.2,22.3
Franklin MS,7788,10.2,22.3
Heard GA,11879,10,22.3
Spencer IN,20327,10,22.3
Clark IN,117360,10,22.3
DeKalb IN,43226,10,22.3
Polk GA,42470,9.9,22.3
Gentry MO,6628,9.8,22.3
Wythe VA,28754,9.6,22.3
Plaquemines LA,23410,9.3,22.3
Russell AL,57781,11.3,22.2
St. Clair MI,159337,11.1,22.2
Montmorency MI,9265,10.8,22.2
Fayette PA,130441,10.8,22.2
Wyoming NY,40085,10.8,22.2
Iosco MI,25081,10.7,22.2
Marshall OK,16806,10.7,22.2
Boyle KY,30100,10.7,22.2
Madison TN,97605,10.6,22.2
Shelby TX,25418,10.5,22.2
Brooks GA,15513,10.5,22.2
Marshall AL,96109,10.5,22.2
Meade KY,28715,10.4,22.2
Newton TX,13746,10.3,22.2
Rutherford NC,66826,10.3,22.2
Elkhart IN,205560,10.3,22.2
Houston TX,23169,10.2,22.2
Choctaw MS,8278,10.2,22.2
Ripley IN,28523,10.1,22.2
Montgomery IN,38346,10,22.2
Cherokee SC,57078,10,22.2
Saline MO,22895,10,22.2
Newton MO,58266,9.9,22.2
Long GA,18998,9.9,22.2
Decatur IN,26794,9.9,22.2
Burke NC,90382,9.9,22.2
Ray MO,22883,9.8,22.2
Bath VA,4292,9.7,22.2
Campbell WY,46140,9.4,22.2
Calcasieu LA,203112,9.4,22.2
Navajo AZ,110445,12.8,22.1
Piscataquis ME,16800,11.4,22.1
Martin NC,22671,10.9,22.1
Copiah MS,28543,10.8,22.1
Webster GA,2611,10.6,22.1
Etowah AL,102501,10.6,22.1
Caswell NC,22698,10.4,22.1
Worth GA,20299,10.4,22.1
Grady GA,24748,10.4,22.1
Roane TN,53140,10.4,22.1
Somerset PA,73952,10.3,22.1
Clarke MS,15604,10.3,22.1
Greene PA,36506,10.3,22.1
Montgomery KS,32120,10.3,22.1
Musselshell MT,4651,10.2,22.1
Blount AL,57840,10.2,22.1
Roanoke City VA,99920,10.1,22.1
Greene IL,13044,10,22.1
Lewis MO,9855,10,22.1
West Baton Rouge LA,26427,9.6,22.1
Chautauqua NY,127939,11.5,22
Chambers AL,33615,11.1,22
Warren NC,19807,11,22
Crenshaw AL,13824,11,22
Brooke WV,22203,10.9,22
Wayne MS,20298,10.7,22
Hardin KY,110356,10.6,22
Marshall MS,35451,10.5,22
McKean PA,40968,10.5,22
Love OK,10134,10.4,22
Alger MI,9097,10.4,22
Franklin AL,31363,10.4,22
Mecklenburg VA,30650,10.4,22
Massac IL,14080,10.4,22
Mineral NV,4514,10.4,22
Blair PA,122492,10.3,22
Allen IN,375351,10.3,22
Marion IL,37620,10.2,22
Wells IN,28206,10.1,22
Yadkin NC,37543,10,22
Deer Lodge MT,9131,10,22
Gaston NC,222846,10,22
Warren MO,34711,9.9,22
Clark WI,34709,9.9,22
Liberty TX,86323,9.9,22
Alleghany VA,14910,9.8,22
Covington VA,5460,9.8,22
Shelby MO,6050,9.8,22
Lonoke AR,73657,9.7,22
Craighead AR,108558,9.7,22
Cleburne AR,24965,9.7,22
Anderson TX,58057,9.3,22
Bent CO,5882,9.2,22
Brown IL,6556,9.2,22
Mackinac MI,10787,11.2,21.9
Meriwether GA,21068,10.9,21.9
Crawford PA,85063,10.8,21.9
Carter OK,48177,10.8,21.9
Pontotoc OK,38247,10.8,21.9
Pulaski GA,11069,10.8,21.9
Covington AL,36986,10.8,21.9
Blaine OK,9485,10.7,21.9
Roscommon MI,23884,10.7,21.9
Bristol Bay AK,877,10.7,21.9
Kay OK,44161,10.6,21.9
Montgomery MS,10023,10.5,21.9
Livingston MO,15146,10.4,21.9
Caddo LA,242922,10.3,21.9
Lincoln MS,34205,10.2,21.9
Hart GA,26099,10.2,21.9
Pike IL,15611,10.1,21.9
Dearborn IN,49568,10.1,21.9
Putnam IN,37779,9.9,21.9
Macon MO,15153,9.8,21.9
Walker GA,69410,9.8,21.9
Ashland OH,53745,9.7,21.9
Richmond VA,9038,9.5,21.9
Elko NV,52460,9.3,21.9
Quitman GA,2279,11.1,21.8
Martinsville VA,12902,10.9,21.8
Marion IN,954670,10.9,21.8
Greene NY,47491,10.8,21.8
Anderson KY,22663,10.8,21.8
Barnwell SC,21112,10.8,21.8
Decatur GA,26575,10.7,21.8
Mohave AZ,209550,10.6,21.8
Fayette TN,40507,10.5,21.8
Athens OH,65818,10.5,21.8
Potter PA,16622,10.5,21.8
Gadsden FL,45894,10.5,21.8
Cherokee AL,26032,10.4,21.8
Northumberland PA,91083,10.4,21.8
Linn KS,9750,10.3,21.8
Hall TX,3028,10.3,21.8
Rockingham NC,90690,10.3,21.8
Randolph NC,143351,10,21.8
White IN,24133,10,21.8
Polk MO,32201,10,21.8
Fulton IL,34844,9.9,21.8
San Jacinto TX,28719,9.9,21.8
Pierce GA,19389,9.8,21.8
Clermont OH,205466,9.5,21.8
Defiance OH,38165,9.3,21.8
Wakulla FL,32461,8.9,21.8
Aleutians East AK,3515,7.8,21.8
Wayne NY,90064,11.7,21.7
Marengo AL,19066,11.5,21.7
Mecosta MI,43545,10.9,21.7
Alpena MI,28360,10.6,21.7
Elbert GA,19120,10.5,21.7
Bedford PA,48176,10.4,21.7
Liberty MT,2430,10.4,21.7
Marion GA,8351,10.4,21.7
Wilson KS,8665,10.4,21.7
Armstrong PA,65263,10.4,21.7
Cullman AL,83442,10.3,21.7
Accomack VA,32412,10.3,21.7
Maury TN,94340,10.3,21.7
Perry PA,46139,10.3,21.7
Yalobusha MS,12392,10.3,21.7
Kenedy TX,442,10.2,21.7
Lyon KY,8009,10.2,21.7
Taney MO,55852,10.1,21.7
Ellis OK,3952,10.1,21.7
Carroll IN,20127,10,21.7
Sanders MT,11844,10,21.7
Knox MO,3947,9.9,21.7
Ohio IN,5844,9.9,21.7
Ralls MO,10212,9.7,21.7
Putnam MO,4757,9.7,21.7
Gaines TX,20901,9.7,21.7
Carroll VA,29636,9.6,21.7
Juneau WI,26617,9.5,21.7
Grant AR,18188,9.5,21.7
Auglaize OH,45804,9.2,21.7
Montgomery NY,49455,12,21.6
Philadelphia PA,1584138,11.7,21.6
Marion SC,31039,11.1,21.6
Talbot GA,6272,10.9,21.6
Fairfield SC,22402,10.8,21.6
Houston AL,104722,10.8,21.6
Clay MS,19386,10.8,21.6
Charles City VA,6941,10.8,21.6
Randolph AL,22725,10.8,21.6
Wilkes GA,9876,10.7,21.6
Falls TX,17335,10.5,21.6
Union SC,27410,10.4,21.6
Wagoner OK,80110,10.4,21.6
Union AR,39126,10.4,21.6
Tioga PA,40763,10.4,21.6
Schuylkill PA,142067,10.3,21.6
Cumberland VA,9809,10.2,21.6
Jefferson IL,37820,10.1,21.6
Harrison MS,206650,10,21.6
Kosciusko IN,79344,10,21.6
Mahoning OH,229642,10,21.6
Jasper TX,35872,10,21.6
Montgomery IL,28601,9.9,21.6
Jasper IN,33370,9.9,21.6
Ste. Genevieve MO,17888,9.7,21.6
Jackson WI,20478,9.7,21.6
Lander NV,5575,9.5,21.6
Jack TX,8843,9.3,21.6
Cayuga NY,77145,11.6,21.5
Genesee NY,57511,11.2,21.5
Chenango NY,47536,11,21.5
Wilson NC,81455,10.8,21.5
Van Buren MI,75448,10.7,21.5
Henry AL,17209,10.7,21.5
Nelson KY,45851,10.7,21.5
Clarendon SC,33700,10.6,21.5
Crawford MI,13901,10.6,21.5
Cherokee KS,20015,10.5,21.5
Marshall KY,31191,10.3,21.5
Daviess KY,101104,10.2,21.5
Sawyer WI,16489,10.1,21.5
Macomb MI,874759,10.1,21.5
St. John the Baptist LA,43184,9.9,21.5
Pearl River MS,55387,9.7,21.5
Clinton MO,20470,9.6,21.5
Avery NC,17505,9.6,21.5
Natrona WY,79115,9.3,21.5
Powell MT,6968,9.1,21.5
Niagara NY,210433,11.6,21.4
Butler AL,19680,11.4,21.4
Choctaw AL,12841,11.4,21.4
Baltimore City MD,602495,11.2,21.4
Jackson MI,158823,10.9,21.4
Clarion PA,38779,10.5,21.4
Spalding GA,66100,10.5,21.4
Labette KS,19964,10.4,21.4
Kearny KS,3943,10.3,21.4
Wrangell AK,2503,10.1,21.4
Wheatland MT,2236,10.1,21.4
Ashland WI,15600,10.1,21.4
Knox IL,50112,10,21.4
Mason IL,13565,10,21.4
Steuben IN,34586,10,21.4
Johnson IL,12456,9.9,21.4
Cumberland IL,10808,9.9,21.4
Cass IL,12260,9.9,21.4
Benton MO,19278,9.9,21.4
Shawano WI,40796,9.8,21.4
Madison GA,29650,9.8,21.4
Yancey NC,17903,9.8,21.4
Wayne OH,115967,9.8,21.4
Knox OH,61893,9.5,21.4
Pine MN,29483,8.7,21.4
Danville VA,40693,10.9,21.3
Warren KY,131264,10.8,21.3
Jessamine KY,53920,10.6,21.3
Trigg KY,14643,10.5,21.3
Marion TX,9928,10.4,21.3
Tate MS,28759,10.3,21.3
Wayne NC,123248,10.3,21.3
Colleton SC,37660,10.3,21.3
Niobrara WY,2388,10.3,21.3
Person NC,39507,10.3,21.3
Carbon PA,64227,10.2,21.3
Forest WI,8991,10.2,21.3
Carroll MS,9911,9.9,21.3
Beckham OK,21709,9.9,21.3
Grundy MO,9914,9.8,21.3
Bartow GA,106408,9.6,21.3
Bay FL,185287,9.1,21.3
Carbon WY,14971,9,21.3
Pershing NV,6666,8.7,21.3
Isabella MI,70562,11.5,21.2
Dougherty GA,91243,11.4,21.2
Delta MI,35857,10.5,21.2
Lake MT,30250,10.5,21.2
Comanche OK,120422,10.4,21.2
Troup GA,70034,10.4,21.2
Haskell KS,3997,10.4,21.2
Cottle TX,1389,10.3,21.2
Cameron PA,4492,10.3,21.2
Bourbon KS,14653,10.2,21.2
Halifax VA,34120,10.2,21.2
Roger Mills OK,3656,10.1,21.2
Davidson NC,166614,10,21.2
Howard MO,10137,10,21.2
Clay IL,13253,10,21.2
White IL,13665,9.9,21.2
Warren IN,8263,9.8,21.2
Stokes NC,45467,9.8,21.2
Stanly NC,62075,9.8,21.2
Franklin MO,103670,9.6,21.2
Woodward OK,20222,9.6,21.2
Nye NV,45346,9.5,21.2
Hudspeth TX,4795,9.2,21.2
Lafayette LA,242782,9.2,21.2
Mercer OH,40959,9.1,21.2
Butte SD,10222,9,21.2
Jones TX,19817,8.9,21.2
Santa Rosa FL,179349,8.7,21.2
Franklin City VA,8013,11,21.1
Malheur OR,30725,11,21.1
Richmond GA,201554,10.6,21.1
Shoshone ID,12796,10.5,21.1
Snyder PA,40540,10.5,21.1
Huntingdon PA,45168,10.3,21.1
Wyoming PA,27046,10.2,21.1
Pittsylvania VA,60949,10.2,21.1
Dewey OK,4894,10.2,21.1
St. Clair AL,88690,10.1,21.1
Lauderdale MS,75317,10.1,21.1
Douglas IL,19479,10,21.1
Union IL,16841,10,21.1
Appomattox VA,15841,9.9,21.1
Limestone TX,23519,9.9,21.1
Oglethorpe GA,15054,9.9,21.1
Rusk WI,14147,9.8,21.1
Polk TX,50031,9.7,21.1
Schuyler IL,6907,9.7,21.1
Lafayette MO,32598,9.6,21.1
Miami OH,106222,9.4,21.1
Dawson TX,12619,9.2,21.1
McKenzie ND,13632,9.1,21.1
Walton FL,71375,8.9,21.1
Morrison MN,33169,8.6,21.1
Shelby TN,935764,11.3,21
Calhoun MI,134487,10.7,21
Stephens OK,43265,10.6,21
Jefferson WV,56811,10.6,21
Cambria PA,131730,10.5,21
Lapeer MI,88028,10.5,21
Susquehanna PA,40589,10.3,21
Washington TN,128607,10.2,21
Floyd IN,77781,10,21
Wayne IL,16332,10,21
Stark IL,5427,9.9,21
Montgomery OH,532331,9.7,21
Cooper MO,17603,9.7,21
Jefferson MO,224347,9.6,21
Lincoln NC,83770,9.6,21
Adams WI,20348,9.6,21
Taylor WI,20412,9.5,21
Haskell TX,5813,9.5,21
Johnson IN,156225,9.4,21
Henry OH,27086,9.2,21
Loving TX,152,9.2,21
Kanabec MN,16207,8.8,21
Aroostook ME,67111,12,20.9
Androscoggin ME,107679,11.5,20.9
Sumter GA,29733,10.9,20.9
Clinton PA,38684,10.6,20.9
Baldwin GA,44823,10.5,20.9
San Augustine TX,8232,10.4,20.9
Tift GA,40571,10.3,20.9
Forrest MS,75036,10.3,20.9
Portsmouth VA,94632,10.3,20.9
Bradford PA,60833,10.3,20.9
Chautauqua KS,3309,10.3,20.9
Barry MI,61157,10.2,20.9
Red River TX,12175,10.2,20.9
Schley GA,5236,10.2,20.9
Davidson TN,692587,10.1,20.9
Dinwiddie VA,28529,10.1,20.9
Lee MS,85202,10,20.9
Montgomery GA,9193,10,20.9
Hamilton KS,2607,9.9,20.9
Posey IN,25540,9.9,20.9
Tipton IN,15128,9.8,20.9
Callaway MO,44889,9.7,20.9
Grimes TX,28360,9.7,20.9
Stephens TX,9433,9.5,20.9
Pulaski VA,34066,9.4,20.9
Wapello IA,35205,9.1,20.9
Wayne IA,6401,9.1,20.9
Jefferson OR,24192,11.6,20.8
Kennebec ME,122083,11.3,20.8
Lewis NY,26447,10.8,20.8
Cheboygan MI,25413,10.7,20.8
Iron MI,11117,10.6,20.8
Lawrence PA,86184,10.5,20.8
Colbert AL,54762,10.5,20.8
Dale AL,48956,10.4,20.8
Menominee MI,22983,10.4,20.8
Blount TN,131349,10.3,20.8
Atchison KS,16193,10.3,20.8
Abbeville SC,24541,10.2,20.8
Sullivan PA,6071,10.2,20.8
Rogers OK,91984,10.2,20.8
Lowndes MS,58930,10.1,20.8
Christian IL,32661,9.9,20.8
Ford IL,13264,9.9,20.8
King and Queen VA,7042,9.9,20.8
Clark IL,15596,9.8,20.8
Worth MO,2040,9.7,20.8
Crawford IL,18807,9.7,20.8
Jefferson FL,14288,9.7,20.8
Garland AR,99154,9.7,20.8
Cochran TX,2836,9.6,20.8
Kenai Peninsula AK,58533,9.5,20.8
Washington VA,54402,9.5,20.8
Fairfield OH,155782,9.4,20.8
Humboldt NV,16786,9.2,20.8
White Pine NV,9475,9,20.8
Clinton NY,80695,12.1,20.7
Penobscot ME,151096,12,20.7
Josephine OR,87393,11.4,20.7
Berrien MI,154141,10.7,20.7
Shelby KY,48518,10.6,20.7
Huron MI,31166,10.6,20.7
Chouteau MT,5745,10.5,20.7
Mercer PA,110683,10.4,20.7
Lake IN,484411,10.2,20.7
Pondera MT,5972,10.2,20.7
Coffee AL,51909,10.2,20.7
Putnam WV,56682,10.1,20.7
Mineral MT,4316,9.8,20.7
Scott IL,4926,9.8,20.7
Jackson MO,700307,9.7,20.7
LaSalle IL,109430,9.7,20.7
Swisher TX,7462,9.5,20.7
Erie OH,74615,9.5,20.7
Fulton OH,42276,9.4,20.7
Carroll AR,28223,9.4,20.7
Kidder ND,2450,9,20.7
Hernando FL,190865,9,20.7
Lake OR,7879,11.2,20.6
Schoharie NY,31097,10.9,20.6
Warren MS,46176,10.6,20.6
Caroline MD,33304,10.6,20.6
Indiana PA,84501,10.5,20.6
Chowan NC,14029,10.4,20.6
Lycoming PA,113664,10.2,20.6
Franklin NC,67560,10.1,20.6
Spencer KY,18794,10.1,20.6
Miller GA,5686,10.1,20.6
Moultrie IL,14717,10,20.6
Livingston IL,35761,9.9,20.6
Harnett NC,134214,9.9,20.6
Norfolk VA,244076,9.9,20.6
Stone MO,31749,9.8,20.6
Williamson IL,67056,9.8,20.6
Amelia VA,13013,9.8,20.6
Shelby IL,21741,9.7,20.6
Orange TX,83572,9.6,20.6
Holt MO,4404,9.6,20.6
Chariton MO,7451,9.6,20.6
Baxter AR,41619,9.6,20.6
Uinta WY,20299,9.6,20.6
Butler OH,382378,9.5,20.6
Giles VA,16844,9.3,20.6
Wadena MN,13773,9,20.6
Monroe IA,7790,9,20.6
Nobles MN,21924,8.6,20.6
Carlton MN,35837,8.5,20.6
Sumter AL,12691,12.2,20.5
Delaware NY,44527,10.8,20.5
Richmond City VA,228783,10.7,20.5
Thomas GA,44448,10.4,20.5
Shiawassee MI,68192,10.4,20.5
Seminole GA,8315,10.3,20.5
Lamar GA,19000,10.2,20.5
Lincoln GA,7915,10.1,20.5
Cass TX,30119,10.1,20.5
Granville NC,60115,10,20.5
Lee NC,61452,10,20.5
Matanuska-Susitna AK,107610,10,20.5
Navarro TX,49565,9.9,20.5
Grady OK,55551,9.9,20.5
Southampton VA,17586,9.9,20.5
Barber KS,4472,9.9,20.5
Bond IL,16630,9.8,20.5
Dubois IN,42565,9.8,20.5
Freestone TX,19808,9.8,20.5
Henderson TX,82299,9.8,20.5
Louisa VA,36778,9.7,20.5
Fremont CO,48021,9.7,20.5
Coryell TX,74808,9.7,20.5
Washington AR,236961,9.6,20.5
Marinette WI,40434,9.5,20.5
Esmeralda NV,826,9.5,20.5
Porter IN,169594,9.4,20.5
Barrow GA,80809,9.3,20.5
Warren VA,40003,9.3,20.5
Alfalfa OK,5754,9.2,20.5
Oxford ME,57618,11.2,20.4
Calhoun AL,114277,11.1,20.4
Schuyler NY,17912,11.1,20.4
Saginaw MI,190800,10.9,20.4
Cass MI,51653,10.6,20.4
Benewah ID,9226,10.5,20.4
Otsego MI,24665,10.4,20.4
Presque Isle MI,12738,10.3,20.4
Baker GA,3092,10.3,20.4
Allegan MI,117327,10.2,20.4
Lamar TX,49728,10.2,20.4
Sumner TN,187149,10.1,20.4
Rowan NC,141262,10.1,20.4
Noble OK,11289,10.1,20.4
Warren PA,39498,10.1,20.4
Cowley KS,35218,10,20.4
Washita OK,11127,9.9,20.4
Sabine TX,10589,9.9,20.4
Richland IL,15763,9.9,20.4
Lyon NV,55808,9.7,20.4
Waynesboro VA,22628,9.7,20.4
Edgar IL,17360,9.7,20.4
Johnston NC,202675,9.7,20.4
Mercer MO,3641,9.5,20.4
Texas OK,20455,9.4,20.4
Osage MO,13714,9.3,20.4
Des Moines IA,39138,9,20.4
Garza TX,6578,8.6,20.4
Aleutians West AK,5723,7.5,20.4
Klamath OR,67653,11.6,20.3
Allegany NY,46430,11.2,20.3
Madison KY,92368,11.1,20.3
Williamsburg SC,30606,11.1,20.3
Umatilla OR,77516,11.1,20.3
St. Joseph IN,270771,10.6,20.3
Ontonagon MI,5795,10.4,20.3
Pasquotank NC,39639,10.4,20.3
Lenawee MI,98266,10.4,20.3
Mason MI,29100,10.3,20.3
Surry VA,6474,10.2,20.3
Perquimans NC,13422,10.2,20.3
Kenton KY,166051,10.1,20.3
Faulkner AR,124806,10,20.3
Floyd GA,97927,9.8,20.3
Jasper IL,9611,9.8,20.3
Calhoun IL,4802,9.8,20.3
Morgan IL,33976,9.8,20.3
Iroquois IL,27604,9.8,20.3
Whitley IN,34074,9.7,20.3
Mitchell NC,15000,9.6,20.3
Whitfield GA,104062,9.6,20.3
Hardin TX,57207,9.5,20.3
Gasconade MO,14705,9.5,20.3
Potter TX,119648,9.5,20.3
Gray TX,21895,9.4,20.3
Hettinger ND,2514,9.4,20.3
Waushara WI,24263,9.4,20.3
Lincoln CO,5610,9.4,20.3
Tyler TX,21696,9.4,20.3
Pulaski MO,52014,9.2,20.3
Cass MN,29519,8.9,20.3
Benton MN,40545,8.9,20.3
Bee TX,32587,8.6,20.3
St. Lawrence NY,108047,11.8,20.2
Somerset MD,25675,11,20.2
Mobile AL,413757,10.8,20.2
Bay MI,103923,10.7,20.2
Alcona MI,10362,10.5,20.2
McCracken KY,65346,10.5,20.2
Owyhee ID,11693,10.4,20.2
Limestone AL,96174,10.2,20.2
Garfield OK,60913,10.1,20.2
Panola TX,23148,10.1,20.2
Bleckley GA,12838,10.1,20.2
Luzerne PA,317646,10.1,20.2
Gates NC,11573,10,20.2
Loudon TN,53054,9.9,20.2
Carroll GA,118121,9.8,20.2
Greenwood SC,70741,9.8,20.2
Dickinson KS,18717,9.8,20.2
Fremont WY,39531,9.7,20.2
Silver Bow MT,34993,9.7,20.2
Wilbarger TX,12820,9.7,20.2
Wibaux MT,1034,9.7,20.2
Beltrami MN,46847,9.7,20.2
Dade GA,16226,9.7,20.2
Franklin VA,56195,9.6,20.2
Ashe NC,27109,9.6,20.2
Habersham GA,45388,9.6,20.2
Madison VA,13295,9.5,20.2
Bartholomew IN,82753,9.5,20.2
Licking OH,175769,9.5,20.2
Culberson TX,2204,9.4,20.2
Terry TX,12287,9.3,20.2
Ascension LA,124672,9,20.2
Dunn ND,4332,8.9,20.2
Williams ND,35350,8.6,20.2
Macon AL,18439,12.4,20.1
Manistee MI,24528,10.4,20.1
Sumter SC,106512,10.4,20.1
Monroe MI,150439,10.4,20.1
Coles IL,50885,10.3,20.1
Phillips MT,4074,10.2,20.1
Beaufort NC,47079,10.2,20.1
Scott KY,56031,10.2,20.1
Morgan AL,119089,10.2,20.1
Trinity TX,14740,10,20.1
Elk PA,30169,10,20.1
Winnebago IL,284081,10,20.1
Doniphan KS,7682,9.9,20.1
Anderson KS,7878,9.9,20.1
Osage KS,15941,9.8,20.1
Seward KS,21780,9.8,20.1
Amherst VA,31666,9.8,20.1
Macoupin IL,45313,9.8,20.1
Delta TX,5349,9.8,20.1
Stevens KS,5559,9.8,20.1
Madison NC,21763,9.7,20.1
Phelps MO,44732,9.7,20.1
Ketchikan Gateway AK,13918,9.7,20.1
Rusk TX,54450,9.6,20.1
Saluda SC,20544,9.6,20.1
Lee IL,34223,9.5,20.1
Effingham GA,62190,9.3,20.1
Montgomery IA,10003,9,20.1
Stark ND,30997,8.6,20.1
Broome NY,191659,11.7,20
Douglas OR,110283,11.6,20
Gila AZ,53889,11.3,20
Socorro NM,16735,10.7,20
Ohio WV,41755,10.7,20
Darlington SC,66802,10.5,20
Monongalia WV,106420,10.4,20
Clark ID,852,10.3,20
Rutherford TN,324890,10.2,20
Harmon OK,2664,10.2,20
Cuyahoga OH,1243857,10.1,20
Alamance NC,166436,10,20
Harrison TX,66726,10,20
Newberry SC,38520,10,20
Cherokee TX,52592,9.9,20
Kingfisher OK,15816,9.9,20
Cherokee NC,28383,9.8,20
Vernon WI,30785,9.7,20
Hopkins TX,36810,9.7,20
Wilson TN,140625,9.7,20
Camden MO,45815,9.6,20
Pender NC,62162,9.6,20
Christian MO,86983,9.6,20
Hancock MS,47334,9.5,20
Jefferson TX,255001,9.5,20
Campbell VA,54973,9.5,20
Hansford TX,5463,9.5,20
Lake OH,230514,9.2,20
Union IA,12359,9,20
Lee IA,34055,9,20
Childress TX,7291,8.8,20
Pasco FL,539630,8.7,20
Morrow OR,11372,11.2,19.9
Tioga NY,48560,11,19.9
Bamberg SC,14275,10.9,19.9
Orangeburg SC,86934,10.9,19.9
Luna NM,23963,10.4,19.9
Custer OK,29036,10.4,19.9
Milwaukee WI,948201,10.4,19.9
Franklin PA,154835,10.3,19.9
Essex VA,10919,10.3,19.9
Washington OK,51843,10.2,19.9
Lackawanna PA,210793,10.2,19.9
Barton KS,26111,10,19.9
Brown IN,15234,9.9,19.9
York PA,448273,9.9,19.9
Lincoln ID,5360,9.8,19.9
Jewell KS,2841,9.8,19.9
Eastland TX,18322,9.7,19.9
Orleans LA,391006,9.7,19.9
Geary KS,32594,9.7,19.9
Hunt TX,96493,9.6,19.9
Palo Pinto TX,28875,9.6,19.9
Cass MO,104954,9.5,19.9
Norton KS,5430,9.4,19.9
Crawford WI,16291,9.4,19.9
Saline AR,121421,9.2,19.9
Woodbury IA,102539,8.8,19.9
Redwood MN,15249,8.7,19.9
Chippewa MN,11924,8.6,19.9
Crow Wing MN,64889,8.5,19.9
Coos OR,64389,11.5,19.8
Jefferson NY,111755,11.3,19.8
Columbia OR,52377,11,19.8
Bibb GA,153095,10.8,19.8
Calloway KY,39135,10.7,19.8
Hamilton TN,364286,10.5,19.8
Antrim MI,23365,10.4,19.8
Erie PA,272061,10.3,19.8
Allen KS,12444,10.2,19.8
Lincoln MT,19794,10.1,19.8
Pope IL,4212,9.9,19.8
Moffat CO,13188,9.8,19.8
Leon TX,17270,9.7,19.8
Madison IL,264461,9.7,19.8
Pawnee KS,6562,9.7,19.8
Major OK,7644,9.7,19.8
Portage OH,162927,9.6,19.8
Camden NC,10710,9.6,19.8
Langlade WI,19268,9.6,19.8
Waupaca WI,51128,9.4,19.8
Starr TX,64525,9.4,19.8
Tripp SD,5478,9.3,19.8
Madison TX,14422,9.2,19.8
Gilmer GA,30816,9.2,19.8
Pottawattamie IA,93533,9.1,19.8
Dodge WI,87847,9.1,19.8
Davis IA,9017,9,19.8
Clay FL,216072,8.7,19.8
Bon Homme SD,6980,8.3,19.8
Steuben NY,95796,11.5,19.7
Livingston NY,63227,11.5,19.7
Rensselaer NY,159442,11.2,19.7
Nash NC,94016,10.4,19.7
Kankakee IL,110024,10.3,19.7
Brown KS,9598,10.2,19.7
Lincoln LA,47196,10.2,19.7
Crawford KS,39019,10.2,19.7
Northampton VA,11735,10.2,19.7
Macon IL,104712,10.1,19.7
Jackson OK,24949,10,19.7
Neosho KS,15951,10,19.7
Wayne PA,51276,9.9,19.7
Bowie TX,94324,9.9,19.7
Angelina TX,87092,9.8,19.7
Wabash IL,11549,9.7,19.7
Clay NC,11139,9.6,19.7
Hardeman TX,3922,9.6,19.7
Marquette WI,15434,9.5,19.7
Fannin TX,35286,9.4,19.7
Floyd VA,15795,9.4,19.7
Cole MO,76796,9.4,19.7
Greene VA,19779,9.3,19.7
Union OH,57835,9.2,19.7
Bossier LA,127185,9.1,19.7
Van Buren IA,7020,8.9,19.7
Louisa IA,11169,8.7,19.7
Beadle SD,18883,8.6,19.7
Cortland NY,47823,11.3,19.6
Orleans VT,26907,11.1,19.6
Columbia PA,65456,10.7,19.6
Otero NM,66781,10.1,19.6
Elk KS,2508,10.1,19.6
Jackson NC,43327,10,19.6
Reno KS,62342,10,19.6
Delta CO,30953,10,19.6
Florence SC,138159,9.9,19.6
Franklin KS,25631,9.8,19.6
Harper KS,5506,9.8,19.6
Stephens GA,26035,9.8,19.6
De Witt IL,15769,9.7,19.6
Jackson KS,13280,9.7,19.6
Upshur TX,41260,9.7,19.6
Pamlico NC,12670,9.7,19.6
Jones GA,28616,9.7,19.6
Hamilton IL,8163,9.7,19.6
Ford KS,33888,9.6,19.6
Kershaw SC,65592,9.6,19.6
Titus TX,33033,9.6,19.6
Catawba NC,158652,9.5,19.6
Caroline VA,30772,9.5,19.6
Lorain OH,309461,9.5,19.6
Presidio TX,6948,9.4,19.6
Pike GA,18634,9.3,19.6
Zavala TX,11983,9.2,19.6
Jackson GA,70422,9.2,19.6
Webster IA,36277,9,19.6
Haakon SD,1918,8.9,19.6
Taylor IA,6191,8.8,19.6
Swift MN,9345,8.6,19.6
Concho TX,4276,8,19.6
Harney OR,7329,11.3,19.5
Clayton GA,289615,11.1,19.5
Graham AZ,38072,10.5,19.5
Baca CO,3585,10.4,19.5
Jackson IL,57419,10.4,19.5
Peach GA,27297,10.4,19.5
Hamilton OH,816684,10,19.5
Camas ID,1127,9.9,19.5
Greene MO,291923,9.7,19.5
Walker TX,72480,9.6,19.5
Ogle IL,50923,9.6,19.5
Warrick IN,62567,9.6,19.5
Rock Island IL,143477,9.6,19.5
Rains TX,12159,9.5,19.5
King William VA,16939,9.5,19.5
Jackson MS,143277,9.5,19.5
Lamb TX,13158,9.5,19.5
Currituck NC,27072,9.5,19.5
Milam TX,25131,9.5,19.5
Big Horn WY,11881,9.4,19.5
Churchill NV,24440,9.4,19.5
Young TX,18045,9.4,19.5
Andrew MO,17607,9.4,19.5
Walton GA,93503,9.3,19.5
Culpeper VA,51859,9.3,19.5
Zapata TX,14190,9.3,19.5
Sheridan ND,1349,9.2,19.5
Dallam TX,7200,9.2,19.5
Shenandoah VA,43497,9.1,19.5
Polk FL,708009,9,19.5
Walsh ND,10667,8.9,19.5
Jefferson LA,434051,8.9,19.5
Todd MN,24582,8.9,19.5
Howard TX,36459,8.9,19.5
Willacy TX,21515,8.7,19.5
Yellow Medicine MN,9795,8.7,19.5
Okaloosa FL,207269,8.6,19.5
Ferry WA,7649,11.7,19.4
Jackson OR,219564,11.5,19.4
Pike AL,33338,11.4,19.4
Oneida NY,229577,11.2,19.4
Hinds MS,237085,10.9,19.4
Montgomery AL,225763,10.9,19.4
Warren NY,64265,10.7,19.4
Newport News VA,178626,10.3,19.4
Newton GA,109541,10.3,19.4
Salem NJ,62607,10.3,19.4
Autauga AL,55601,10.2,19.4
Otero CO,18432,10.2,19.4
Chaves NM,64689,10.2,19.4
Prince Edward VA,22950,10.1,19.4
Dauphin PA,277097,10.1,19.4
Cascade MT,81643,10,19.4
Gregg TX,123707,10,19.4
Liberty GA,61497,9.9,19.4
Sumner KS,22996,9.8,19.4
Finney KS,36611,9.7,19.4
Westmoreland VA,17830,9.7,19.4
Edgefield SC,27052,9.7,19.4
Harper OK,3797,9.6,19.4
Rock WI,163129,9.6,19.4
Barron WI,45164,9.5,19.4
Monroe WI,46051,9.5,19.4
Effingham IL,34208,9.5,19.4
Marshall IL,11534,9.5,19.4
Oconto WI,37830,9.4,19.4
Rockbridge VA,22752,9.4,19.4
Richland WI,17377,9.4,19.4
Pepin WI,7289,9.4,19.4
Lafayette WI,16665,9.4,19.4
Onslow NC,197683,9.3,19.4
Orange VA,36644,9.3,19.4
Hancock OH,75930,9.3,19.4
Weston WY,6967,9.2,19.4
San Saba TX,6054,9.2,19.4
Appanoose IA,12437,9.1,19.4
Eureka NV,2003,9.1,19.4
Denali AK,2059,9.1,19.4
St. Charles LA,52879,9.1,19.4
Eddy ND,2313,9.1,19.4
St. Louis MN,199754,8.9,19.4
Pennington MN,14178,8.8,19.4
Bland VA,6293,8.8,19.4
Crawford IA,17158,8.8,19.4
Lucas IA,8645,8.7,19.4
Dorchester MD,31998,10.7,19.3
Radford VA,18339,10.5,19.3
Lebanon PA,141314,10,19.3
Gem ID,17634,10,19.3
Nacogdoches TX,65711,10,19.3
Jerome ID,24015,9.9,19.3
Elmore ID,27259,9.7,19.3
Logan IL,28925,9.7,19.3
Hancock IL,17844,9.6,19.3
Mercer IL,15601,9.6,19.3
Edwards IL,6392,9.6,19.3
Wheeler TX,5191,9.5,19.3
Clinton IL,37639,9.4,19.3
Colonial Heights VA,17833,9.4,19.3
Towner ND,2192,9.3,19.3
Brule SD,5229,9.2,19.3
Franklin OH,1310300,9.1,19.3
Moody SD,6579,9,19.3
Koochiching MN,12440,8.9,19.3
Mahaska IA,22000,8.7,19.3
Clark SD,3739,8.6,19.3
Kodiak Island AK,13345,8.6,19.3
Houghton MI,36219,10.3,19.2
Adair MO,25339,10.2,19.2
Dickinson MI,25383,10.2,19.2
Beaver PA,164742,10.2,19.2
McIntosh GA,14340,9.9,19.2
Stephenson IL,44753,9.9,19.2
Greenwood KS,6055,9.9,19.2
Muscogee GA,194160,9.9,19.2
McClain OK,39985,9.9,19.2
Camp TX,13033,9.8,19.2
Edwards KS,2849,9.7,19.2
Minidoka ID,20825,9.7,19.2
Henderson IL,6709,9.6,19.2
Van Zandt TX,56019,9.6,19.2
Montague TX,19596,9.5,19.2
Whiteside IL,55626,9.5,19.2
Haywood NC,61971,9.5,19.2
Douglas WI,43208,9.5,19.2
Hamilton TX,8484,9.5,19.2
Rabun GA,16867,9.3,19.2
Atchison MO,5171,9.3,19.2
Petersburg AK,3221,9.3,19.2
Ottawa OH,40769,9.2,19.2
Scurry TX,16866,9,19.2
Valdez-Cordova AK,9164,9,19.2
Citrus FL,147929,9,19.2
Pembina ND,6947,8.9,19.2
Day SD,5505,8.9,19.2
McHenry ND,5816,8.7,19.2
Clarke IA,9423,8.7,19.2
Waseca MN,18691,8.6,19.2
Mower MN,40011,8.6,19.2
Lake of the Woods MN,3758,8.6,19.2
Renville MN,14612,8.5,19.2
Crook OR,23867,11.2,19.1
Elmore AL,81887,10.4,19.1
Lowndes GA,116321,10.4,19.1
Tuscaloosa AL,208911,10.4,19.1
Payne OK,82040,10.3,19.1
Franklin KY,50815,10.3,19.1
Curry NM,49437,10.1,19.1
Monroe PA,169507,10.1,19.1
Cumberland NC,332330,9.9,19.1
Campbell KY,93152,9.9,19.1
Pueblo CO,167529,9.8,19.1
Warren IL,17032,9.8,19.1
Anderson SC,200482,9.7,19.1
Lumpkin GA,32955,9.6,19.1
Henry IL,49090,9.6,19.1
Cimarron OK,2153,9.6,19.1
Adams IL,65691,9.6,19.1
Davie NC,42733,9.5,19.1
Wood OH,130696,9.5,19.1
Wichita TX,132064,9.5,19.1
Coleman TX,8397,9.5,19.1
Callahan TX,13994,9.4,19.1
Florence WI,4321,9.4,19.1
Trempealeau WI,29442,9.3,19.1
Lynn TX,5877,9.3,19.1
Buffalo WI,13125,9.2,19.1
Pierce ND,4081,9,19.1
Norman MN,6475,8.6,19.1
Sibley MN,15028,8.4,19.1
Baker OR,16006,11,19
Torrance NM,15591,10.4,19
Nodaway MO,22304,10.1,19
Saguache CO,6843,10.1,19
Cloud KS,8729,10,19
Harrisonburg VA,54033,10,19
Morris TX,12339,9.9,19
Morgan CO,28558,9.8,19
Spartanburg SC,313888,9.8,19
Adams CO,511868,9.7,19
Johnson MO,53652,9.4,19
Hutchinson TX,21198,9.4,19
Hill TX,36354,9.4,19
New Hanover NC,232274,9.3,19
Burleson TX,18389,9.3,19
Oldham TX,2131,9.3,19
Richland MT,10913,9.3,19
Ellsworth KS,6196,9.3,19
Johnson TX,171361,9.3,19
Fallon MT,2920,9.3,19
Decatur IA,7890,9.2,19
Lincoln NV,5201,9.2,19
Lincoln WI,27689,9.2,19
Converse WY,13640,9.2,19
Escambia FL,315534,9.2,19
Chippewa WI,64135,9.2,19
Clay MO,246365,9.2,19
Becker MN,34371,8.8,19
Isanti MN,39966,8.7,19
Keokuk IA,10225,8.6,19
Codington SD,28015,8.5,19
Kent DE,178550,10.6,18.9
Quay NM,8253,10.2,18.9
Logan OK,47291,10.2,18.9
Berks PA,420152,10.1,18.9
Lewis ID,3861,10.1,18.9
Union PA,44785,9.9,18.9
Putnam GA,21809,9.7,18.9
Collingsworth TX,2962,9.6,18.9
Beaver OK,5319,9.6,18.9
Jersey IL,21847,9.6,18.9
McCormick SC,9410,9.5,18.9
Monroe GA,27520,9.4,18.9
Oconee SC,78374,9.4,18.9
Green Lake WI,18918,9.3,18.9
Crosby TX,5779,9.3,18.9
Wise TX,68305,9.3,18.9
Dickens TX,2249,9,18.9
Live Oak TX,12166,8.9,18.9
Divide ND,2283,8.7,18.9
Fremont IA,6993,8.7,18.9
Pocahontas IA,6740,8.7,18.9
Yankton SD,22869,8.5,18.9
Faribault MN,13758,8.5,18.9
Benton IA,25642,8.4,18.9
Bristol MA,564022,11.3,18.8
Madison NY,70795,10.9,18.8
Washington MD,150926,10.7,18.8
Del Norte CA,27828,10.5,18.8
Clark AR,22061,10.3,18.8
St. Clair IL,261059,10.3,18.8
Tulsa OK,648360,10.1,18.8
Monroe IN,146917,9.9,18.8
Jackson CO,1399,9.9,18.8
Lea NM,69611,9.8,18.8
Sangamon IL,195348,9.8,18.8
Sherman KS,5899,9.8,18.8
Shawnee KS,177499,9.8,18.8
Gray KS,6033,9.7,18.8
Washington CO,4909,9.7,18.8
Yellowstone MT,160137,9.6,18.8
Iron WI,5676,9.4,18.8
Somervell TX,9016,9.4,18.8
Carroll IL,14312,9.4,18.8
Putnam IL,5740,9.4,18.8
Iredell NC,178435,9.2,18.8
Camden GA,53677,9.2,18.8
Carson City NV,55414,9.2,18.8
Cabarrus NC,211342,9.2,18.8
Itasca MN,45108,9.1,18.8
DeWitt TX,20187,9.1,18.8
Clinton IA,46518,9,18.8
Stutsman ND,20917,9,18.8
Gregory SD,4212,8.9,18.8
Moore TX,21485,8.9,18.8
Laramie WY,98976,8.9,18.8
Highlands FL,105424,8.9,18.8
Tama IA,16904,8.8,18.8
Burke ND,2100,8.8,18.8
Watonwan MN,10980,8.7,18.8
Monona IA,8679,8.7,18.8
Volusia FL,547538,8.7,18.8
Red Lake MN,3999,8.6,18.8
Ransom ND,5237,8.6,18.8
Karnes TX,15650,8.5,18.8
Marshall MN,9390,8.4,18.8
Essex VT,6250,11.2,18.7
Bulloch GA,77296,10.4,18.7
Allegany MD,70975,10.4,18.7
Pitt NC,179914,10.3,18.7
Montezuma CO,26158,10.3,18.7
Washington ID,10161,10.1,18.7
Woodford KY,26533,10.1,18.7
Benzie MI,17753,10,18.7
Montour PA,18240,10,18.7
Calhoun SC,14520,9.9,18.7
Valley MT,7437,9.6,18.7
Gooding ID,15196,9.6,18.7
Bureau IL,32993,9.5,18.7
Sauk WI,64249,9.3,18.7
Matagorda TX,36552,9.3,18.7
Kaufman TX,128622,9.3,18.7
Hemphill TX,3825,9.2,18.7
Gonzales TX,20826,9.2,18.7
East Baton Rouge LA,440956,9.2,18.7
Sweetwater WY,43051,9,18.7
Benton AR,272608,9,18.7
Floyd IA,15761,8.9,18.7
Pinellas FL,975280,8.8,18.7
Upton TX,3671,8.8,18.7
Cass IA,12930,8.8,18.7
Mitchell TX,8145,8.7,18.7
Jackson IA,19432,8.6,18.7
Aitkin MN,15902,8.6,18.7
Jasper IA,37147,8.5,18.7
Fillmore MN,21058,8.5,18.7
McLeod MN,35873,8.4,18.7
Buena Vista IA,19874,8.4,18.7
Roseau MN,15150,8.4,18.7
Nassau FL,85832,8.4,18.7
Hamilton NY,4434,11.5,18.6
Wasco OR,26505,11,18.6
Columbia NY,59916,10.5,18.6
Meade KS,4146,9.9,18.6
Canyon ID,223499,9.9,18.6
Stafford KS,4178,9.7,18.6
Cape Girardeau MO,78753,9.7,18.6
Canadian OK,144447,9.6,18.6
Real TX,3478,9.6,18.6
Robertson TX,17284,9.6,18.6
Morris KS,5521,9.6,18.6
Lake CO,7824,9.6,18.6
Duval FL,950181,9.5,18.6
Marshall KS,9722,9.5,18.6
Union NM,4118,9.4,18.6
Lee TX,17144,9.4,18.6
Washington IL,13995,9.4,18.6
Tazewell IL,132328,9.4,18.6
Polk WI,43598,9.3,18.6
Nolan TX,14751,9.2,18.6
Manitowoc WI,79074,9.1,18.6
Gloucester VA,37349,9.1,18.6
St. Lucie FL,321128,9,18.6
Craig VA,5064,9,18.6
Winkler TX,7720,9,18.6
Oliver ND,1952,8.8,18.6
Lexington SC,295032,8.8,18.6
Renville ND,2374,8.7,18.6
Jones IA,20744,8.6,18.6
Big Stone MN,4989,8.6,18.6
Howard IA,9187,8.6,18.6
Adair IA,7063,8.5,18.6
Chattahoochee GA,10684,8.4,18.6
Frio TX,19816,8.2,18.6
Marquette MI,66516,10.5,18.5
Lancaster PA,543557,10.2,18.5
Lee AL,163941,10,18.5
Tippecanoe IN,193048,9.9,18.5
Phillips KS,5317,9.8,18.5
Logan CO,21528,9.7,18.5
Suffolk VA,91185,9.7,18.5
Bingham ID,46236,9.7,18.5
Lassen CA,30802,9.7,18.5
Grant OK,4326,9.6,18.5
Hancock IN,76351,9.5,18.5
Menard IL,12288,9.5,18.5
Burnett WI,15392,9.4,18.5
Flathead MT,102106,9.3,18.5
Winchester VA,28108,9.3,18.5
Winnebago WI,171020,9.3,18.5
Garfield MT,1268,9.3,18.5
Marion FL,359977,9.1,18.5
Wood WI,73055,9.1,18.5
Prince George VA,38082,9.1,18.5
LaMoure ND,4062,9.1,18.5
Highland VA,2210,9.1,18.5
Logan ND,1903,9,18.5
Emmons ND,3295,9,18.5
Morton ND,31095,9,18.5
Grant ND,2374,9,18.5
Bottineau ND,6411,8.8,18.5
St. Tammany LA,258111,8.7,18.5
Harrison IA,14134,8.7,18.5
Pipestone MN,9047,8.7,18.5
Freeborn MN,30444,8.6,18.5
Wright IA,12690,8.6,18.5
Washington IA,22141,8.5,18.5
Harding SD,1249,8.4,18.5
Brown MN,25111,8.4,18.5
Oklahoma OK,792582,10.7,18.4
Pulaski AR,392680,10.2,18.4
Adams PA,102811,10.2,18.4
Sierra NM,10968,10.2,18.4
Lauderdale AL,92387,10.1,18.4
Oktibbeha MS,49599,10.1,18.4
Hampton VA,134313,10,18.4
Knox TN,465289,10,18.4
Sedgwick KS,513607,9.9,18.4
Costilla CO,3828,9.8,18.4
Power ID,7768,9.7,18.4
Jefferson KS,18975,9.7,18.4
Kenosha WI,169290,9.6,18.4
Saline KS,54401,9.6,18.4
Wharton TX,41619,9.5,18.4
Cassia ID,23864,9.5,18.4
Leavenworth KS,81352,9.4,18.4
Pickens SC,124937,9.4,18.4
DeSoto MS,182001,9.3,18.4
Catoosa GA,67420,9.2,18.4
Ramsey ND,11481,9.1,18.4
Ochiltree TX,9947,9,18.4
Kinney TX,3767,8.9,18.4
Brevard FL,596849,8.8,18.4
Delaware IA,17069,8.6,18.4
Muscatine IA,42929,8.5,18.4
Pecos TX,15673,8.3,18.4
Chisago MN,55922,8.3,18.4
Johnson NE,5134,8,18.4
Wheeler OR,1366,11.2,18.3
Emmet MI,33308,10.4,18.3
Grand Traverse MI,92573,10,18.3
Alamosa CO,16683,10,18.3
Prowers CO,12164,10,18.3
Greene GA,17698,9.9,18.3
Rooks KS,5013,9.8,18.3
Rice KS,9531,9.8,18.3
Adams ID,4250,9.7,18.3
Bannock ID,87138,9.7,18.3
Grayson TX,133991,9.6,18.3
Houston GA,155469,9.6,18.3
Teton MT,6162,9.6,18.3
Clearwater ID,8758,9.6,18.3
Craven NC,102912,9.5,18.3
Grant WI,51554,9.5,18.3
Washburn WI,15878,9.5,18.3
Shackelford TX,3253,9.5,18.3
Price WI,13397,9.4,18.3
Custer MT,11586,9.4,18.3
White GA,29970,9.3,18.3
Marathon WI,135428,9.1,18.3
Kewaunee WI,20383,9.1,18.3
Chambers TX,42454,9.1,18.3
Dimmit TX,10308,9,18.3
Caldwell TX,43247,9,18.3
Putnam OH,33780,8.9,18.3
Franklin IA,10124,8.7,18.3
Ward ND,67744,8.6,18.3
Anoka MN,353813,8.5,18.3
Page IA,15249,8.5,18.3
Grant MN,6021,8.5,18.3
Union OR,26461,11.2,18.2
Waldo ME,39694,11.1,18.2
Coos NH,31589,11,18.2
Kalamazoo MI,264870,10.5,18.2
Richmond NY,476179,10.3,18.2
Midland MI,83209,10.1,18.2
Peoria IL,180621,10,18.2
Lynchburg VA,82126,10,18.2
Kit Carson CO,7163,9.9,18.2
Dolores CO,2074,9.8,18.2
Rio Blanco CO,6336,9.8,18.2
Racine WI,196584,9.6,18.2
Morton KS,2667,9.6,18.2
Smith KS,3603,9.6,18.2
Wood TX,45129,9.5,18.2
Cecil MD,102826,9.5,18.2
Macon NC,35285,9.4,18.2
Boone IL,53577,9.4,18.2
Galveston TX,337890,9.3,18.2
Bell TX,355642,9.3,18.2
Runnels TX,10234,9.1,18.2
Rockingham VA,81244,9.1,18.2
Fall River SD,6758,8.8,18.2
Walworth SD,5587,8.7,18.2
Mitchell IA,10569,8.7,18.2
Martin MN,19785,8.6,18.2
Fayette IA,19660,8.6,18.2
Clayton IA,17556,8.6,18.2
Pennington SD,111729,8.6,18.2
O'Brien IA,13840,8.5,18.2
Adams IA,3645,8.5,18.2
Guthrie IA,10720,8.4,18.2
San Juan UT,15449,12.4,18.1
Bronx NY,1432132,11.8,18.1
Linn OR,127335,11.2,18.1
De Baca NM,1781,10.1,18.1
Payette ID,23551,9.8,18.1
Washington PA,207346,9.7,18.1
Forsyth NC,379099,9.7,18.1
Boone KY,131533,9.6,18.1
Grant KS,7336,9.5,18.1
Butler KS,66765,9.5,18.1
Russell KS,6907,9.5,18.1
Horry SC,344147,9.4,18.1
Aiken SC,169401,9.3,18.1
Washakie WY,7885,9.2,18.1
Knox TX,3653,9.2,18.1
Jefferson WI,85129,9.2,18.1
York SC,274118,9.2,18.1
McLean ND,9541,9.1,18.1
McIntosh ND,2585,9.1,18.1
Iowa WI,23771,9.1,18.1
Grand Forks ND,70770,9,18.1
Park MT,16736,8.9,18.1
Lyon MN,25629,8.7,18.1
Allamakee IA,13832,8.6,18.1
Calhoun IA,9699,8.5,18.1
Hubbard MN,21332,8.4,18.1
Jackson MN,9911,8.3,18.1
Franklin ME,29897,11.1,18
Pinal AZ,447138,10.7,18
Kiowa CO,1383,10,18
Jefferson AL,659300,10,18
Watauga NC,55945,9.9,18
Douglas GA,145331,9.8,18
Yuma CO,10020,9.7,18
Rush KS,3093,9.7,18
Pratt KS,9378,9.7,18
Guilford NC,533670,9.7,18
McLennan TX,254607,9.6,18
Decatur KS,2871,9.6,18
Chase KS,2629,9.6,18
New Castle DE,559335,9.5,18
Ottawa KS,5802,9.5,18
Foard TX,1200,9.5,18
Staunton VA,24922,9.4,18
Carter MT,1238,9.4,18
Fergus MT,11113,9.2,18
Lee GA,29764,9.2,18
Columbia WI,57358,9.1,18
Ward TX,11720,8.9,18
Clay IA,16134,8.5,18
Kandiyohi MN,42855,8.5,18
Wilkin MN,6254,8.5,18
Sargent ND,3870,8.5,18
Worth IA,7453,8.5,18
Lincoln MN,5673,8.4,18
Sanborn SD,2429,8.4,18
Grant OR,7176,11,17.9
Erie NY,919719,10.7,17.9
McDonough IL,29955,10,17.9
Westmoreland PA,350611,9.9,17.9
Coffey KS,8233,9.6,17.9
Ness KS,2840,9.6,17.9
Idaho ID,16513,9.6,17.9
Woods OK,8897,9.6,17.9
Conejos CO,8200,9.5,17.9
Transylvania NC,34215,9.4,17.9
Cooke TX,40574,9.3,17.9
Meagher MT,1866,9.3,17.9
Grundy IL,50972,9.3,17.9
Lamar MS,62447,9.2,17.9
Nelson VA,14836,9.2,17.9
Bosque TX,18691,9.2,17.9
Brown TX,37924,9.2,17.9
Fannin GA,25964,9.2,17.9
Hockley TX,22980,9.1,17.9
Augusta VA,75457,8.8,17.9
Mercer ND,8267,8.8,17.9
McPherson SD,2407,8.7,17.9
Audubon IA,5506,8.7,17.9
Humboldt IA,9547,8.6,17.9
Clark NV,2231647,8.6,17.9
Sherburne MN,96036,8.6,17.9
Grant SD,7147,8.3,17.9
Marion OR,346868,11.5,17.8
Hampden MA,470406,11.3,17.8
Kent RI,163861,11.3,17.8
Otsego NY,59749,11.1,17.8
Kent MI,653786,10.3,17.8
Charlevoix MI,26244,10.1,17.8
Eaton MI,109826,10.1,17.8
Valencia NM,76456,10.1,17.8
Waller TX,53126,9.9,17.8
Lehigh PA,368100,9.8,17.8
Smith TX,230221,9.7,17.8
Logan KS,2844,9.6,17.8
Lane KS,1560,9.6,17.8
Ravalli MT,43172,9.5,17.8
Isle of Wight VA,36953,9.5,17.8
Sheridan KS,2533,9.4,17.8
Carteret NC,69524,9.3,17.8
Broadwater MT,6085,9.2,17.8
Paulding GA,164044,9.2,17.8
Dundy NE,1770,9.1,17.8
Glasscock TX,1388,8.9,17.8
Martin TX,5753,8.9,17.8
Richland ND,16239,8.9,17.8
Hale TX,33830,8.8,17.8
Linn IA,225909,8.8,17.8
Parmer TX,9864,8.8,17.8
Kimball NE,3618,8.8,17.8
Blue Earth MN,67427,8.7,17.8
Emmet IA,9253,8.6,17.8
Marshall IA,39981,8.5,17.8
Davison SD,19790,8.5,17.8
Chickasaw IA,11964,8.5,17.8
Osceola IA,6040,8.5,17.8
Cottonwood MN,11277,8.4,17.8
Buchanan IA,21199,8.4,17.8
Ida IA,6841,8.4,17.8
Billings ND,919,8.3,17.8
Le Sueur MN,28494,8.2,17.8
Meade SD,28294,8.1,17.8
Lincoln OR,49388,11.3,17.7
Caledonia VT,30302,11,17.7
Roosevelt NM,18743,10.3,17.7
Boundary ID,11948,9.9,17.7
Lyon KS,33406,9.9,17.7
Marion KS,11950,9.6,17.7
Cheyenne CO,1876,9.6,17.7
Washington KS,5420,9.5,17.7
Fremont ID,13168,9.5,17.7
Mills TX,4921,9.4,17.7
Dunn WI,45131,9.4,17.7
Treasure MT,679,9.4,17.7
Lincoln KS,3023,9.4,17.7
Golden Valley MT,826,9.3,17.7
Briscoe TX,1516,9.3,17.7
Lancaster SC,95380,9.2,17.7
Clay TX,10456,9.2,17.7
Green WI,36929,9.1,17.7
Pickens GA,31980,9.1,17.7
Lipscomb TX,3355,9,17.7
Floyd TX,5837,9,17.7
McCone MT,1675,9,17.7
Platte WY,8566,8.9,17.7
Goshen WY,13376,8.9,17.7
Wells ND,3957,8.9,17.7
Powhatan VA,29189,8.8,17.7
Maverick TX,58485,8.8,17.7
Bowman ND,3076,8.7,17.7
Traverse MN,3308,8.6,17.7
Greene IA,8981,8.6,17.7
Cass ND,181516,8.6,17.7
Indian River FL,157413,8.5,17.7
Manassas Park VA,17307,8.5,17.7
Spink SD,6495,8.4,17.7
Kittson MN,4248,8.4,17.7
Dodge MN,20822,8.3,17.7
Okanogan WA,42132,11.2,17.6
Stevens WA,45260,11,17.6
Hawaii HI,200983,10.4,17.6
Allegheny PA,1218452,9.9,17.6
Montrose CO,42214,9.8,17.6
Vilas WI,21938,9.7,17.6
Mesa CO,153207,9.7,17.6
Northampton PA,304807,9.6,17.6
Gove KS,2612,9.5,17.6
Nemaha KS,10155,9.3,17.6
Osborne KS,3475,9.3,17.6
Dawson MT,8680,9.2,17.6
Fayette TX,25349,9.1,17.6
Greene OH,167995,9.1,17.6
Lincoln WY,19434,9,17.6
Brown WI,263378,9,17.6
Fond du Lac WI,103066,9,17.6
Virginia Beach VA,450189,9,17.6
Douglas NE,566880,9,17.6
Bastrop TX,86976,8.9,17.6
New Kent VA,22391,8.8,17.6
Polk MN,31529,8.7,17.6
Flagler FL,112067,8.7,17.6
Andrews TX,18128,8.6,17.6
Ringgold IA,4968,8.6,17.6
Hillsborough FL,1436888,8.5,17.6
Miner SD,2213,8.4,17.6
Steele MN,36803,8.4,17.6
Hanson SD,3376,8.4,17.6
Colfax NE,10881,8.3,17.6
Reeves TX,15695,7.9,17.6
La Paz AZ,21098,10.8,17.5
Sherman OR,1708,10.6,17.5
Ingham MI,292735,10.5,17.5
Tulare CA,465861,10.1,17.5
Sedgwick CO,2303,9.8,17.5
Camden NJ,507078,9.7,17.5
Glynn GA,85219,9.6,17.5
Baldwin AL,218022,9.5,17.5
Boone MO,180005,9.5,17.5
Morgan GA,18853,9.4,17.5
Aransas TX,23792,9.3,17.5
Ellis TX,179436,9.2,17.5
McCulloch TX,7987,9.1,17.5
Bedford VA,78747,9,17.5
Crook WY,7450,9,17.5
Stonewall TX,1362,9,17.5
Fairbanks North Star AK,98971,8.9,17.5
Black Hawk IA,132408,8.9,17.5
Skagway AK,1148,8.7,17.5
Manatee FL,394855,8.6,17.5
Gage NE,21493,8.5,17.5
Henry IA,20067,8.5,17.5
Boone IA,26346,8.5,17.5
Hyde SD,1282,8.4,17.5
Meeker MN,23141,8.4,17.5
Lee FL,754610,8.4,17.5
Brown SD,39316,8.3,17.5
Hamlin SD,6111,8.2,17.5
Essex NY,37300,11,17.4
Grant WA,97331,10.7,17.4
Fayette KY,323780,10.5,17.4
Wicomico MD,103195,10.4,17.4
Clarke GA,127330,10.2,17.4
Clinton MI,79332,9.8,17.4
DeKalb IL,104143,9.8,17.4
Oneida ID,4488,9.7,17.4
Ellis KS,28710,9.6,17.4
Franklin ID,13726,9.6,17.4
Mitchell KS,6150,9.5,17.4
Graham KS,2492,9.5,17.4
Eddy NM,57900,9.4,17.4
Powder River MT,1716,9.4,17.4
Scott KS,4897,9.3,17.4
Hendricks IN,167009,9.3,17.4
Sitka AK,8647,9.2,17.4
Throckmorton TX,1515,9.2,17.4
Walworth WI,103718,9.1,17.4
Lavaca TX,20110,9.1,17.4
Comanche TX,13534,9.1,17.4
Bryan GA,38109,9,17.4
Lincoln NE,35185,8.9,17.4
Charlotte FL,184998,8.9,17.4
King TX,277,8.8,17.4
Bailey TX,7027,8.7,17.4
Sterling TX,1311,8.7,17.4
Ector TX,162124,8.6,17.4
Mills IA,15063,8.5,17.4
McCook SD,5546,8.5,17.4
Box Butte NE,10772,8.4,17.4
Cherokee IA,11321,8.4,17.4
Lyon IA,11811,8.4,17.4
Iowa IA,16141,8.4,17.4
Butler IA,14539,8.4,17.4
Pope MN,11097,8.3,17.4
Monroe NY,742474,11.4,17.3
Tehama CA,63916,10.5,17.3
Nez Perce ID,40408,10.1,17.3
Custer ID,4280,9.8,17.3
Hidalgo NM,4240,9.8,17.3
Cleveland OK,281669,9.6,17.3
Lafayette MS,54793,9.5,17.3
Middlesex VA,10769,9.4,17.3
Buncombe NC,259103,9.2,17.3
Spotsylvania VA,134238,9.2,17.3
Leon FL,292502,9.1,17.3
Prairie MT,1087,9.1,17.3
Anchorage AK,291538,9,17.3
Geauga OH,94031,9,17.3
Brown NE,2973,8.9,17.3
Botetourt VA,33277,8.8,17.3
Richardson NE,7937,8.7,17.3
Brooks TX,7114,8.6,17.3
Duval TX,11212,8.6,17.3
Dodge NE,36791,8.5,17.3
Sublette WY,9813,8.5,17.3
Stearns MN,159256,8.4,17.3
Murray MN,8276,8.4,17.3
Deuel SD,4337,8.3,17.3
Minnehaha SD,192876,8.3,17.3
Hartley TX,5619,8.2,17.3
Polk IA,487204,8.2,17.3
Providence RI,636084,11.8,17.2
Tillamook OR,26787,10.9,17.2
Trinity CA,12535,10.5,17.2
Franklin MA,70963,10.3,17.2
Yuba CA,78041,10.2,17.2
Worcester MA,830839,10.1,17.2
Bonner ID,44727,9.8,17.2
Sussex DE,229286,9.8,17.2
Georgetown SC,62249,9.7,17.2
Pike PA,55933,9.6,17.2
Thomas KS,7711,9.6,17.2
Stanton KS,1987,9.5,17.2
Pottawatomie KS,24277,9.4,17.2
Charlottesville VA,48117,9.4,17.2
Bayfield WI,15042,9.4,17.2
Clay KS,7997,9.3,17.2
Jo Daviess IL,21366,9.3,17.2
Weld CO,314305,9.3,17.2
McPherson KS,28537,9.3,17.2
Sheridan MT,3424,9.2,17.2
Colorado TX,21217,9.1,17.2
Coke TX,3370,9.1,17.2
Parker TX,138371,8.9,17.2
Cameron TX,423908,8.9,17.2
Cherry NE,5761,8.8,17.2
Frederick VA,88355,8.8,17.2
Medina OH,179146,8.7,17.2
Traill ND,8037,8.7,17.2
Nelson ND,2869,8.7,17.2
Dawson NE,23709,8.5,17.2
Sac IA,9719,8.5,17.2
Carroll IA,20154,8.4,17.2
Madison IA,16249,8.4,17.2
Ulster NY,178599,10.9,17.1
Cowlitz WA,108987,10.9,17.1
Gilliam OR,1894,10.7,17.1
Clatsop OR,39764,10.6,17.1
Lake CA,64382,10.5,17.1
Rockdale GA,90594,10.2,17.1
Kings CA,151366,9.7,17.1
Lemhi ID,7961,9.7,17.1
Kiowa KS,2516,9.5,17.1
Lexington VA,7136,9.4,17.1
Donley TX,3319,9.4,17.1
Brunswick NC,136744,9.3,17.1
Berkeley SC,221091,9.3,17.1
Garfield CO,59770,9.3,17.1
Piatt IL,16396,9.2,17.1
Kimble TX,4362,9.2,17.1
Archer TX,8786,9.1,17.1
Salem VA,25643,9.1,17.1
Hall GA,202148,9.1,17.1
Taylor TX,137640,9.1,17.1
Oneida WI,35470,9,17.1
Barnes ND,10542,9,17.1
Outagamie WI,187365,9,17.1
Roberts TX,903,9,17.1
Jackson TX,14874,8.9,17.1
Johnson WY,8460,8.9,17.1
Sherman TX,3079,8.8,17.1
San Patricio TX,66893,8.8,17.1
Golden Valley ND,1769,8.7,17.1
Manassas VA,41641,8.7,17.1
Griggs ND,2232,8.6,17.1
Deuel NE,1825,8.6,17.1
Burt NE,6488,8.5,17.1
Rock MN,9414,8.4,17.1
Lawrence SD,25741,8.3,17.1
Yates NY,24841,11.1,17
Lewis WA,79604,10.8,17
Saratoga NY,230163,10.7,17
Berkshire MA,126348,10.5,17
Modoc CA,8777,10.4,17
Rio Arriba NM,39006,10,17
Atlantic NJ,265429,9.8,17
Delaware PA,564751,9.7,17
Rio Grande CO,11250,9.6,17
Eau Claire WI,104534,9.5,17
Garrett MD,29163,9.5,17
Erath TX,42446,9.5,17
Las Animas CO,14503,9.4,17
Henry GA,230220,9.4,17
Bear Lake ID,6050,9.4,17
Lampasas TX,21229,9.2,17
Union NC,235908,9.2,17
Granite MT,3378,9.2,17
Judith Basin MT,1952,9.1,17
Motley TX,1234,9.1,17
Hot Springs WY,4555,9.1,17
Clarke VA,14523,9,17
Sheridan NE,5190,9,17
Baylor TX,3582,9,17
Lake FL,356495,8.7,17
Dickey ND,4903,8.7,17
Deaf Smith TX,18760,8.7,17
Grant NE,660,8.5,17
Slope ND,763,8.5,17
Otter Tail MN,58812,8.4,17
Turner SD,8424,8.4,17
Wabasha MN,21645,8.3,17
Lac qui Parle MN,6658,8.3,17
Marshall SD,5112,8.2,17
Alpine CA,1101,10.8,16.9
Yamhill OR,107002,10.7,16.9
Wallowa OR,7081,10.7,16.9
Mason WA,65507,10.6,16.9
Ontario NY,109864,10.4,16.9
Chatham GA,289195,9.6,16.9
Butler PA,187888,9.5,16.9
Grand CO,15525,9.4,16.9
Miami KS,33680,9.4,16.9
Washington TX,35108,9.4,16.9
Chesapeake VA,242634,9.4,16.9
Haines AK,2474,9.4,16.9
Rankin MS,153902,9.3,16.9
Trego KS,2793,9.3,16.9
Cheyenne KS,2660,9.3,16.9
Kingman KS,7310,9.3,16.9
Greeley KS,1227,9.3,16.9
Wabaunsee KS,6899,9.2,16.9
Stillwater MT,9534,9.1,16.9
Coweta GA,145864,9.1,16.9
Dorchester SC,160647,9.1,16.9
Refugio TX,7032,8.9,16.9
Calumet WI,50159,8.9,16.9
Saline NE,14350,8.6,16.9
Sheridan WY,30233,8.6,16.9
Winona MN,50825,8.6,16.9
Perkins SD,2922,8.5,16.9
Hardin IA,16868,8.5,16.9
Hutchinson SD,7380,8.5,16.9
Plymouth IA,25095,8.4,16.9
Jerauld SD,2043,8.3,16.9
Aurora SD,2801,8.2,16.9
Douglas MN,37964,8.1,16.9
Sullivan NH,43144,11.2,16.8
Hancock ME,54811,11.2,16.8
Orange NY,381951,10.7,16.8
Asotin WA,22610,10.6,16.8
Sagadahoc ME,35634,10.4,16.8
Kern CA,896764,10.2,16.8
Centre PA,162805,9.7,16.8
Greenlee AZ,9483,9.6,16.8
Colfax NM,12110,9.6,16.8
Woodford IL,38463,9.1,16.8
Scott IA,173283,9,16.8
Henderson NC,116748,9,16.8
King George VA,26575,8.9,16.8
Clay NE,6214,8.7,16.8
Hughes SD,17650,8.7,16.8
Uvalde TX,26846,8.7,16.8
Cavalier ND,3829,8.6,16.8
Calhoun TX,21561,8.5,16.8
Jones SD,928,8.5,16.8
Lake SD,13057,8.4,16.8
Goodhue MN,46403,8.4,16.8
Douglas SD,2935,8.4,16.8
Reagan TX,3741,8.3,16.8
Houston MN,18578,8.2,16.8
Franklin VT,49421,11.3,16.7
Polk OR,85234,10.9,16.7
Curry OR,22813,10.9,16.7
Grays Harbor WA,73901,10.7,16.7
Hood River OR,23428,10.5,16.7
Keweenaw MI,2113,9.7,16.7
Cumberland PA,251423,9.6,16.7
Madison AL,366519,9.6,16.7
Livingston MI,191224,9.6,16.7
Fredericksburg VA,29144,9.5,16.7
Clark KS,2005,9.4,16.7
Harvey KS,34210,9.3,16.7
Pierce WI,42555,9.2,16.7
Beaverhead MT,9404,9.2,16.7
Mathews VA,8802,8.9,16.7
Jefferson NE,7097,8.9,16.7
St. Charles MO,399182,8.9,16.7
Daniels MT,1747,8.9,16.7
Castro TX,7665,8.7,16.7
Winnebago IA,10518,8.4,16.7
Kossuth IA,14908,8.3,16.7
Edmunds SD,3875,8.3,16.7
Butler NE,8058,8.2,16.7
Cedar IA,18627,8.2,16.7
Monroe FL,75027,8,16.7
Adams WA,19759,10.8,16.6
Glenn CA,28047,10.1,16.6
Knox ME,39771,10.1,16.6
Jefferson ID,29439,9.6,16.6
Butte ID,2611,9.4,16.6
Caribou ID,7060,9.3,16.6
St. Mary's MD,112664,9.3,16.6
Northumberland VA,12147,9.2,16.6
Alachua FL,269956,9.1,16.6
Moore NC,98682,9.1,16.6
Washoe NV,465735,9,16.6
Greenville SC,514213,9,16.6
Sheboygan WI,115456,8.9,16.6
Burnet TX,47542,8.9,16.6
Dare NC,36501,8.9,16.6
Victoria TX,92035,8.8,16.6
Webb TX,275910,8.7,16.6
Red Willow NE,10726,8.7,16.6
Atascosa TX,50310,8.6,16.6
Jim Wells TX,40822,8.5,16.6
Nance NE,3532,8.5,16.6
Madison NE,35392,8.5,16.6
Shelby IA,11578,8.5,16.6
Morrill NE,4686,8.4,16.6
Hancock IA,10712,8.3,16.6
Rice MN,66523,8.3,16.6
Kingsbury SD,4919,8.3,16.6
Osceola FL,367990,8.2,16.6
Jefferson IA,18381,8,16.6
Schenectady NY,155350,11.5,16.5
Lincoln ME,34342,10.6,16.5
Strafford NH,130090,10.3,16.5
Madera CA,157672,10.1,16.5
Catron NM,3578,9.8,16.5
Twin Falls ID,86081,9.7,16.5
Missoula MT,118791,9.2,16.5
Boone IN,66999,9.1,16.5
Broward FL,1951260,8.7,16.5
Pawnee NE,2632,8.7,16.5
Cerro Gordo IA,42647,8.6,16.5
Foster ND,3216,8.6,16.5
Clay MN,63955,8.5,16.5
Hitchcock NE,2806,8.5,16.5
Saunders NE,21303,8.4,16.5
Nicollet MN,34220,8.1,16.5
Onondaga NY,461809,11.3,16.4
Lamoille VT,25300,10.8,16.4
Pacific WA,22036,10.7,16.4
Multnomah OR,811880,10.7,16.4
Ottawa MI,290494,9.6,16.4
Oldham KY,66470,9.4,16.4
Republic KS,4664,9.2,16.4
Rawlins KS,2508,9.2,16.4
Dallas TX,2637772,9.2,16.4
Bandera TX,22824,9,16.4
Fisher TX,3839,8.8,16.4
Goliad TX,7584,8.8,16.4
Merrick NE,7733,8.6,16.4
Hayes NE,916,8.6,16.4
Scotts Bluff NE,35989,8.6,16.4
Roanoke VA,94073,8.6,16.4
Custer NE,10840,8.6,16.4
Val Verde TX,49208,8.5,16.4
Adams ND,2294,8.5,16.4
Webster NE,3533,8.4,16.4
Dakota NE,20083,8,16.4
Merrimack NH,151132,10.4,16.3
Clackamas OR,416075,10.3,16.3
Merced CA,274765,10,16.3
Ocean NJ,601651,9.6,16.3
Gloucester NJ,291408,9.6,16.3
McLean IL,172828,9.4,16.3
Richland SC,414576,9.4,16.3
Chaffee CO,20027,9.2,16.3
Jefferson MT,12097,9.1,16.3
Hodgeman KS,1818,9.1,16.3
Austin TX,29989,9,16.3
Wichita KS,2105,8.9,16.3
Franklin TX,10766,8.9,16.3
Sweet Grass MT,3710,8.9,16.3
Dawson GA,25083,8.7,16.3
Warren OH,232173,8.7,16.3
Stevens MN,9753,8.7,16.3
Yoakum TX,8591,8.5,16.3
Poweshiek IA,18699,8.5,16.3
Keith NE,8021,8.3,16.3
Lane OR,379611,11.4,16.2
Phillips CO,4286,9.5,16.2
Lewis and Clark MT,68700,9.4,16.2
Comanche KS,1748,9.3,16.2
Portage WI,70942,9.2,16.2
Monroe IL,34335,9,16.2
San Juan CO,762,9,16.2
Mason TX,4280,8.8,16.2
Wheeler NE,805,8.6,16.2
Irion TX,1522,8.6,16.2
Antelope NE,6336,8.4,16.2
Stanton NE,5970,8.4,16.2
Rutland VT,58672,11,16.1
Orange VT,28999,10.7,16.1
Pend Oreille WA,13602,10.7,16.1
Humboldt CA,136373,10.5,16.1
Madison ID,39304,10.4,16.1
Shasta CA,180040,10.2,16.1
Cape May NJ,92560,9.7,16.1
Montgomery VA,98985,9.4,16.1
Warren NJ,105779,9.2,16.1
Denver CO,716492,9,16.1
Juneau AK,32113,8.9,16.1
Union GA,24001,8.9,16.1
Furnas NE,4715,8.8,16.1
Adams NE,31511,8.6,16.1
Marion IA,33407,8.5,16.1
Hamilton IA,14952,8.4,16.1
Jim Hogg TX,5248,8.3,16.1
Palo Alto IA,8929,8.3,16.1
Martin FL,160912,8,16.1
Coconino AZ,142854,10.9,16
York ME,206229,10.6,16
Skamania WA,11924,10.5,16
Cochise AZ,126770,10,16
Champaign IL,209983,9.5,16
Teller CO,25083,9.4,16
Bonneville ID,116854,9.4,16
Harford MD,253956,9.4,16
Cook IL,5180493,9.3,16
DeKalb GA,756558,9.3,16
La Crosse WI,118230,9.1,16
Carbon MT,10714,9,16
Henrico VA,329261,8.9,16
Hood TX,60537,8.9,16
Storey NV,4029,8.8,16
Terrell TX,823,8.7,16
Tom Green TX,118189,8.7,16
Park WY,29324,8.7,16
Madison MT,8768,8.7,16
Columbia GA,154291,8.7,16
Wilson TX,50224,8.5,16
Franklin NE,3023,8.5,16
Custer SD,8726,8.4,16
Steele ND,1903,8.3,16
Dubuque IA,96854,8.3,16
Union SD,15619,8.2,16
Hand SD,3262,8.2,16
Cass NE,26159,8.1,16
Windham CT,117027,11.2,15.9
Suffolk MA,807252,10.8,15.9
Siskiyou CA,43724,10.3,15.9
Lincoln NM,19556,9.7,15.9
Kootenai ID,161505,9.5,15.9
Lubbock TX,307412,9.1,15.9
Orange FL,1380645,8.9,15.9
McPherson NE,492,8.8,15.9
Rappahannock VA,7252,8.8,15.9
Nemaha NE,6958,8.6,15.9
Edwards TX,1928,8.6,15.9
Harris TX,4698619,8.6,15.9
Valley NE,4190,8.4,15.9
Fillmore NE,5527,8.4,15.9
Ramsey MN,550210,8.3,15.9
Howard NE,6468,8.3,15.9
Seminole FL,467832,8.3,15.9
Faulk SD,2330,8.2,15.9
Wright MN,136349,7.9,15.9
District of Columbia DC,702455,10.6,15.8
Pima AZ,1039073,10.4,15.8
Mendocino CA,87606,10.2,15.8
Essex NJ,799767,10.2,15.8
Cheshire NH,76493,10,15.8
Plymouth MA,518132,9.9,15.8
McHenry IL,308570,9.1,15.8
Burleigh ND,95273,9.1,15.8
Clay SD,14041,9.1,15.8
Kendall IL,127915,8.9,15.8
Kane IL,534216,8.9,15.8
Nuckolls NE,4195,8.5,15.8
Kearney NE,6544,8.4,15.8
Crane TX,4794,8.4,15.8
Logan NE,749,8.4,15.8
Lake MN,10658,8.1,15.8
Sioux IA,34909,8.1,15.8
Hall NE,61607,8.1,15.8
Hillsborough NH,415247,10.6,15.7
Fresno CA,994400,10.2,15.7
Sandoval NM,145179,10,15.7
Stanislaus CA,549815,10,15.7
Deschutes OR,191996,9.9,15.7
Riley KS,73703,9.9,15.7
San Miguel NM,27591,9.5,15.7
La Plata CO,56310,9.4,15.7
Huerfano CO,6889,9.3,15.7
Wallace KS,1503,9.1,15.7
Will IL,692310,9,15.7
Polk NC,20611,9,15.7
Petroleum MT,513,8.8,15.7
Hudson NJ,676061,8.6,15.7
Lancaster NE,317272,8.6,15.7
Harlan NE,3401,8.5,15.7
Warren IA,51056,8.2,15.7
La Salle TX,7531,7.8,15.7
Yavapai AZ,231993,10.4,15.6
Belknap NH,61022,10.2,15.6
Taos NM,32835,9.7,15.6
Sutter CA,96807,9.6,15.6
Maui HI,167207,9.4,15.6
Tarrant TX,2084931,9.3,15.6
Queen Anne's MD,50251,9.1,15.6
Hanover VA,107239,8.6,15.6
Montgomery TX,590925,8.6,15.6
Fauquier VA,70675,8.6,15.6
Potter SD,2207,8.3,15.6
Dixon NE,5709,8.2,15.6
Sully SD,1392,8,15.6
Miami-Dade FL,2761581,7.9,15.6
Albany NY,307117,10.9,15.5
Yakima WA,251446,10.7,15.5
Douglas WA,42907,10.2,15.5
Yuma AZ,212128,10,15.5
Passaic NJ,503310,9.6,15.5
Lancaster VA,10783,9.3,15.5
Park CO,18556,9.2,15.5
Llano TX,21646,9.1,15.5
Chatham NC,73139,9,15.5
Goochland VA,23244,8.9,15.5
Armstrong TX,1892,8.8,15.5
Platte MO,102985,8.8,15.5
Brazoria TX,370200,8.5,15.5
Medina TX,50921,8.4,15.5
Polk NE,5278,8.4,15.5
Crockett TX,3499,8.3,15.5
St. Johns FL,254261,8.3,15.5
Boone NE,5239,8.2,15.5
Carroll NH,48779,10.4,15.4
Kings NY,2582830,10.1,15.4
Imperial CA,181827,9.3,15.4
St. Louis MO,996945,9.2,15.4
Fluvanna VA,26783,9.1,15.4
Towns GA,11852,9.1,15.4
Kent TX,726,8.8,15.4
Washington WI,135693,8.8,15.4
St. Croix WI,89694,8.7,15.4
Otoe NE,15985,8.3,15.4
Banner NE,730,8.3,15.4
Midland TX,172578,8.3,15.4
Pierce NE,7142,8.2,15.4
Windham VT,42756,10.9,15.3
Spokane WA,514631,10.2,15.3
Butte CA,231256,10.1,15.3
Colusa CA,21627,9.7,15.3
Bucks PA,628195,9.5,15.3
Durham NC,316739,9.4,15.3
Albany WY,38601,9.3,15.3
Boise ID,7634,9.3,15.3
Mecklenburg NC,1093901,9.2,15.3
Blanco TX,11702,8.8,15.3
Kerr TX,52405,8.8,15.3
Carson TX,6005,8.7,15.3
Guadalupe TX,163694,8.6,15.3
Cherokee GA,254149,8.6,15.3
Cook MN,5393,8.4,15.3
Chase NE,3977,8.4,15.3
Nueces TX,362265,8.3,15.3
Cheyenne NE,9310,8.2,15.3
Dickinson IA,17153,8.1,15.3
Campbell SD,1377,8,15.3
Arapahoe CO,651215,9.5,15.2
El Paso CO,713856,9.1,15.2
Delaware OH,204826,8.6,15.2
Guadalupe NM,4341,8.5,15.2
Thomas NE,720,8.3,15.2
Palm Beach FL,1485941,8.3,15.2
Boyd NE,1955,8.2,15.2
Stanley SD,3022,8.1,15.2
Grundy IA,12304,8.1,15.2
Bennington VT,35631,11.2,15.1
Uintah UT,35438,10.6,15.1
Charles MD,161503,10.2,15.1
Skagit WA,128206,10.1,15.1
Maricopa AZ,4410824,10,15.1
Kent MD,19383,9.8,15.1
Union NJ,558067,9.6,15.1
San Bernardino CA,2171603,9.6,15.1
Oakland MI,1259201,9.6,15.1
Burlington NJ,445384,9.5,15.1
Custer CO,4954,9.5,15.1
Chesterfield VA,348556,8.9,15.1
Summit CO,31007,8.9,15.1
Hidalgo TX,865939,8.5,15.1
Schleicher TX,2895,8.5,15.1
Thayer NE,5039,8.2,15.1
Sarasota FL,426718,8.1,15.1
Lincoln SD,58807,7.9,15.1
New Haven CT,857620,11.2,15
Franklin WA,94347,10,15
Duchesne UT,19964,10,15
Kalawao HI,88,9.7,15
Latah ID,40134,9.6,15
Grant NM,27346,9.3,15
Harris GA,34475,8.9,15
Door WI,27610,8.8,15
Douglas NV,48467,8.7,15
Randall TX,136271,8.6,15
Ada ID,469966,8.6,15
Brookings SD,35232,8.3,15
Holt NE,10178,8.2,15
New London CT,266784,10.1,14.9
Dutchess NY,293718,10.1,14.9
Brazos TX,226758,9.4,14.9
Kauai HI,72133,9.1,14.9
Sherman NE,3038,8.4,14.9
Winneshiek IA,20029,8.4,14.9
Frontier NE,2608,8.4,14.9
El Paso TX,840758,8.2,14.9
Scott MN,147381,7.7,14.9
Tompkins NY,102793,10.6,14.8
Douglas KS,121436,9.9,14.8
Doa Ana NM,217522,9.9,14.8
Bernalillo NM,678701,9.7,14.8
Santa Cruz AZ,46511,9.5,14.8
San Joaquin CA,752660,9.4,14.8
Elbert CO,26282,9.4,14.8
Valley ID,11041,8.9,14.8
Hays TX,222631,8.8,14.8
Prince William VA,468011,8.8,14.8
Menard TX,2139,8.5,14.8
Knox NE,8419,8.5,14.8
Arthur NE,465,8.4,14.8
Rock NE,1360,8.3,14.8
Greeley NE,2356,8.3,14.8
Bremer IA,24947,8.2,14.8
Phelps NE,8996,8.2,14.8
Clallam WA,76737,10.5,14.7
Klickitat WA,22107,10.2,14.7
Leelanau MI,21764,9.5,14.7
Shelby AL,215707,9.3,14.7
Blaine ID,22601,9,14.7
Gallatin MT,111876,8.9,14.7
Teton ID,11640,8.8,14.7
Kleberg TX,31129,8.4,14.7
Poquoson VA,12190,8.4,14.7
Comal TX,148373,8.4,14.7
Blaine NE,476,8.4,14.7
Garden NE,1897,8.3,14.7
Hamilton NE,9280,8.1,14.7
Windsor VT,55286,10.7,14.6
Columbia WA,4059,10.3,14.6
Baltimore MD,828431,9.7,14.6
Worcester MD,51823,9.5,14.6
Amador CA,39383,9.5,14.6
Jefferson CO,580233,9.2,14.6
Mora NM,4506,9,14.6
Gilpin CO,6121,8.9,14.6
Wake NC,1092305,8.7,14.6
Bexar TX,1986049,8.5,14.6
Sioux NE,1187,8.2,14.6
Olmsted MN,156277,8.2,14.6
Cuming NE,8940,8.2,14.6
Washington RI,126179,11,14.5
Mariposa CA,17471,9.8,14.5
Mercer NJ,369811,9.5,14.5
Williamsburg VA,14896,9.5,14.5
Calvert MD,92003,9.4,14.5
Gunnison CO,17246,9.2,14.5
Routt CO,25733,9,14.5
Lake IL,700832,8.5,14.5
Beaufort SC,188715,8.3,14.5
Seward NE,17318,8.2,14.5
Washington NE,20667,8.1,14.5
Dakota MN,425423,8,14.5
Lincoln WA,10740,10.4,14.4
Grand Isle VT,7090,10.1,14.4
Essex MA,790638,10.1,14.4
Sierra CA,2987,9.8,14.4
Tuolumne CA,54539,9.7,14.4
Archuleta CO,13765,9.3,14.4
Harding NM,655,9.1,14.4
Carroll MD,168429,9,14.4
Stafford VA,149960,8.6,14.4
Buffalo NE,49615,8.5,14.4
York VA,67846,8.4,14.4
Loup NE,618,8.3,14.4
Putnam NY,98892,10.1,14.3
Suffolk NY,1481093,9.9,14.3
Chester PA,522046,9.2,14.3
Orange NC,146027,9.1,14.3
Madison MS,105630,9,14.3
Waukesha WI,403072,8.6,14.3
York NE,13772,8.4,14.3
Hampshire MA,161355,10.5,14.2
Grafton NH,89786,10.1,14.2
Dukes MA,17352,10,14.2
Clark WA,481857,9.9,14.2
Honolulu HI,980080,9,14.2
Sussex NJ,140799,8.9,14.2
Frederick MD,255648,8.4,14.2
Brewster TX,9267,8.3,14.2
Keya Paha NE,810,8.1,14.2
Sarpy NE,184459,8.1,14.2
Platte NE,33363,8,14.2
Inyo CA,17987,9.7,14.1
Charleston SC,405905,9.2,14.1
Hamilton IN,330086,8.8,14.1
Gwinnett GA,927781,8.6,14.1
Hooker NE,682,8.2,14.1
Sutton TX,3758,8,14.1
McMullen TX,749,7.9,14.1
Wahkiakum WA,4426,10.2,14
Sacramento CA,1540975,10,14
Litchfield CT,181111,10,14
Plumas CA,18804,9.7,14
Queens NY,2278906,8.7,14
Cobb GA,756865,8.7,14
Dane WI,542364,8.6,14
Gillespie TX,26804,8.5,14
Cedar NE,8446,8.1,14
Sumter FL,128754,7.9,14
Pierce WA,891299,10,13.9
Washtenaw MI,370963,9.9,13.9
Barnstable MA,213413,9.9,13.9
Calaveras CA,45602,9.8,13.9
Hinsdale CO,811,9.3,13.9
Mono CA,14250,9.2,13.9
Monmouth NJ,621354,9,13.9
Eagle CO,54993,8.7,13.9
Rockwall TX,100657,8.4,13.9
DuPage IL,928589,8.4,13.9
Collier FL,378488,8,13.9
Washington VT,58140,10.5,13.8
Cumberland ME,293557,10.4,13.8
Rockland NY,325695,10.3,13.8
Kitsap WA,269805,10,13.8
Chelan WA,77036,10,13.8
Garfield WA,2247,9.8,13.8
Larimer CO,350518,9.2,13.8
Anne Arundel MD,576031,9,13.8
San Miguel CO,8191,8.9,13.8
Williamson TN,231729,8.8,13.8
Story IA,98105,8.5,13.8
Denton TX,859064,8.5,13.8
Garfield NE,1987,8,13.8
Benton WA,201877,10.4,13.7
Newport RI,82542,10.3,13.7
Hartford CT,892697,10.3,13.7
Carbon UT,20269,10.2,13.7
Talbot MD,36968,9.7,13.7
Clear Creek CO,9605,9,13.7
Dawes NE,8716,8.5,13.7
Jeff Davis TX,2252,8.3,13.7
Rockingham NH,309176,9.8,13.6
Solano CA,446610,9.6,13.6
Monterey CA,435594,9.2,13.6
Montgomery PA,828604,9.2,13.6
Johnson IA,151260,8.6,13.6
Wayne NE,9403,8.3,13.6
Washington MN,259201,8.1,13.6
Perkins NE,2929,8,13.6
Gosper NE,1996,7.9,13.6
Dallas IA,90180,7.6,13.6
Santa Fe NM,150056,9,13.5
Fulton GA,1050114,8.7,13.5
Sevier UT,21539,10.4,13.4
Riverside CA,2450758,9.2,13.4
Mineral CO,776,9,13.4
Kittitas WA,47364,10.3,13.3
Walla Walla WA,60922,10.2,13.3
Washington OR,597695,9.9,13.3
Nantucket MA,11327,9.5,13.3
Travis TX,1248743,8.2,13.3
Whitman WA,49791,10.7,13.2
Benton OR,92101,10.4,13.2
Bristol RI,48649,10.3,13.2
Juab UT,11555,9.8,13.2
Hennepin MN,1259428,8.8,13.2
Teton WY,23081,8,13.2
Iron UT,52775,10.2,13.1
Prince George's MD,909308,10,13.1
Tolland CT,150921,9.9,13.1
Snohomish WA,814901,9.9,13.1
San Benito CA,61537,9.1,13.1
Albemarle VA,108718,8.6,13.1
Ozaukee WI,89147,8.4,13.1
San Diego CA,3343364,8.6,13
Alexandria VA,160530,8.3,13
Oconee GA,39272,8.1,13
Addison VT,36973,10.7,12.9
Whatcom WA,225685,10.2,12.9
Yolo CA,220408,9.3,12.9
James City VA,76397,8.5,12.9
Middlesex NJ,829685,8.2,12.9
Carver MN,103551,7.8,12.9
Thurston WA,286419,10,12.8
Piute UT,1445,9.9,12.8
Island WA,84460,9.7,12.8
Norfolk MA,705388,9.4,12.8
Ouray CO,4833,9,12.8
El Dorado CA,190678,9.2,12.7
Los Angeles CA,10105518,8.5,12.7
Kendall TX,45641,8.2,12.7
Borden TX,648,8,12.7
Fort Bend TX,787858,7.8,12.7
Santa Barbara CA,446527,9.3,12.6
Broomfield CO,69267,8.6,12.6
Emery UT,10014,9.9,12.5
Beaver UT,6580,9.7,12.5
Nevada CA,99696,9.3,12.5
Johnson KS,597555,8.6,12.5
Bergen NJ,936692,8.2,12.5
Middlesex CT,162682,9.6,12.4
Garfield UT,5080,9.6,12.4
Grand UT,9764,9.6,12.4
Weber UT,256359,9.5,12.4
San Luis Obispo CA,284010,9.3,12.4
Sonoma CA,499942,9.2,12.4
Forsyth GA,236612,7.9,12.4
Boulder CO,326078,8.8,12.3
Sanpete UT,30623,10.3,12.2
Hunterdon NJ,124714,9,12.2
Westchester NY,967612,9.9,12.1
Tooele UT,69907,9.7,12.1
Middlesex MA,1614714,9.3,12.1
Ventura CA,850967,8.9,12.1
New York NY,1628701,9.6,12
Santa Cruz CA,274255,9.3,12
Williamson TX,566719,8.3,12
Fayette GA,113459,8.3,12
Loudoun VA,406850,7.5,11.9
Chittenden VT,164572,10.6,11.8
Napa CA,139417,8.8,11.8
Pitkin CO,17950,8.5,11.8
Collin TX,1005146,8,11.8
Morris NJ,494228,8.4,11.7
San Francisco CA,883305,7.6,11.7
Somerset NJ,331164,8.4,11.6
Millard UT,13006,9.6,11.5
Nassau NY,1358343,9.4,11.5
Fairfax City VA,24574,7.5,11.5
Box Elder UT,54950,9.6,11.4
Salt Lake UT,1152633,9.6,11.4
Wayne UT,2690,9.5,11.4
Rich UT,2464,9.4,11.4
Fairfield CT,943823,8.9,11.3
Alameda CA,1666753,8.3,11.3
Fairfax VA,1150795,7.1,11.3
Placer CA,393149,9,11.1
Jefferson WA,31729,9.6,11
Kane UT,7709,9.5,11
Contra Costa CA,1150215,9,11
King WA,2233163,8.8,10.9
Douglas CO,342776,8.7,10.8
Arlington VA,237521,7.6,10.8
Daggett UT,980,8.9,10.7
Orange CA,3185968,8.1,10.7
San Mateo CA,769545,7.6,10.1
San Juan WA,17128,9.3,10
Washington UT,171700,9.3,9.9
Cache UT,127068,9.7,9.7
Santa Clara CA,1937570,7.5,9.7
Wasatch UT,33240,8.7,9.5
Morgan UT,12045,9,9.3
Los Alamos NM,19101,8.3,9.3
Falls Church VA,14772,7.4,9.3
Marin CA,259666,8.7,9.2
Howard MD,323196,8.4,9.1
Montgomery MD,1052567,7.9,9.1
Davis UT,351713,8.8,8.5
Summit UT,41933,8.8,8.3
Utah UT,622213,8.9,6.9
